state,district,state2,district_code,state_code,census2001_code,census2011_code,match_status
A & N Islands,_A & N ISLANDS,ANDAMAN AND NICOBAR ISLANDS,-1,-1,-1,-1,0
A & N Islands,NICOBAR,ANDAMAN AND NICOBAR ISLANDS,603,35,2,638,2
A & N Islands,NORTH AND MIDDLE ANDAMAN,ANDAMAN AND NICOBAR ISLANDS,632,35,NA,639,1
A & N Islands,SOUTH ANDAMAN,ANDAMAN AND NICOBAR ISLANDS,602,35,1,640,2
Andhra Pradesh Old,_ANDHRA PRADESH OLD,ANDHRA PRADESH,-1,-1,-1,-1,0
Andhra Pradesh Old,ADILABAD,ANDHRA PRADESH,501,36,1,532,1
Andhra Pradesh Old,ANANTAPUR,ANDHRA PRADESH,502,28,22,553,1
Andhra Pradesh Old,CHITTOOR,ANDHRA PRADESH,503,28,23,554,1
Andhra Pradesh Old,CUDDAPAH,ANDHRA PRADESH,504,28,20,551,2
Andhra Pradesh Old,EAST GODAVARI,ANDHRA PRADESH,505,28,14,545,1
Andhra Pradesh Old,GUNTUR,ANDHRA PRADESH,506,28,17,548,1
Andhra Pradesh Old,HYDERABAD,ANDHRA PRADESH,507,36,5,536,1
Andhra Pradesh Old,KARIM NAGAR,ANDHRA PRADESH,-1,-1,-1,534,2
Andhra Pradesh Old,KHAMMAM,ANDHRA PRADESH,509,36,10,541,1
Andhra Pradesh Old,KRISHNA,ANDHRA PRADESH,510,28,16,547,1
Andhra Pradesh Old,KURNOOL,ANDHRA PRADESH,511,28,21,552,1
Andhra Pradesh Old,MAHBUBNAGAR,ANDHRA PRADESH,512,36,7,538,1
Andhra Pradesh Old,MEDAK,ANDHRA PRADESH,513,36,4,535,1
Andhra Pradesh Old,NALGONDA,ANDHRA PRADESH,514,36,8,539,1
Andhra Pradesh Old,NELLORE,ANDHRA PRADESH,515,28,19,550,2
Andhra Pradesh Old,NIZAMABAD,ANDHRA PRADESH,516,36,2,533,1
Andhra Pradesh Old,PRAKASAM,ANDHRA PRADESH,517,28,18,549,1
Andhra Pradesh Old,RANGA REDDY,ANDHRA PRADESH,-1,-1,-1,-1,0
Andhra Pradesh Old,SRIKAKULAM,ANDHRA PRADESH,519,28,11,542,1
Andhra Pradesh Old,VISHAKAPATNAM,ANDHRA PRADESH,520,28,13,544,2
Andhra Pradesh Old,VIZIANAGARAM,ANDHRA PRADESH,521,28,12,543,1
Andhra Pradesh Old,WARANGAL,ANDHRA PRADESH,522,36,9,540,1
Andhra Pradesh Old,WEST GODAVARI,ANDHRA PRADESH,523,28,15,546,1
Andhra Pradesh,_ANDHRA PRADESH,ANDHRA PRADESH,-1,-1,-1,-1,0
Andhra Pradesh,ANANTAPUR,ANDHRA PRADESH,502,28,22,553,1
Andhra Pradesh,CHITTOOR,ANDHRA PRADESH,503,28,23,554,1
Andhra Pradesh,CUDDAPAH,ANDHRA PRADESH,504,28,20,551,2
Andhra Pradesh,EAST GODAVARI,ANDHRA PRADESH,505,28,14,545,1
Andhra Pradesh,GUNTUR,ANDHRA PRADESH,506,28,17,548,1
Andhra Pradesh,KRISHNA,ANDHRA PRADESH,510,28,16,547,1
Andhra Pradesh,KURNOOL,ANDHRA PRADESH,511,28,21,552,1
Andhra Pradesh,NELLORE,ANDHRA PRADESH,515,28,19,550,2
Andhra Pradesh,PRAKASAM,ANDHRA PRADESH,517,28,18,549,1
Andhra Pradesh,SRIKAKULAM,ANDHRA PRADESH,519,28,11,542,1
Andhra Pradesh,VISHAKAPATNAM,ANDHRA PRADESH,520,28,13,544,2
Andhra Pradesh,VIZIANAGARAM,ANDHRA PRADESH,521,28,12,543,1
Andhra Pradesh,WEST GODAVARI,ANDHRA PRADESH,523,28,15,546,1
Arunachal Pradesh,_ARUNACHAL PRADESH,ARUNACHAL PRADESH,-1,-1,-1,-1,0
Arunachal Pradesh,ANJAW,ARUNACHAL PRADESH,628,12,NA,260,1
Arunachal Pradesh,CHANGLANG,ARUNACHAL PRADESH,229,12,12,253,1
Arunachal Pradesh,DIBANG VALLEY,ARUNACHAL PRADESH,230,12,10,257,1
Arunachal Pradesh,EAST KAMENG,ARUNACHAL PRADESH,231,12,3,247,1
Arunachal Pradesh,EAST SIANG,ARUNACHAL PRADESH,232,12,8,251,1
Arunachal Pradesh,KURUNG KUMEY,ARUNACHAL PRADESH,233,12,14,256,1
Arunachal Pradesh,LOHIT,ARUNACHAL PRADESH,234,12,11,259,1
Arunachal Pradesh,LONGDING,ARUNACHAL PRADESH,666,12,NA,0,1
Arunachal Pradesh,LOWER DIBANG VALLEY,ARUNACHAL PRADESH,235,12,15,258,1
Arunachal Pradesh,LOWER SUBANSIRI,ARUNACHAL PRADESH,236,12,5,255,1
Arunachal Pradesh,PAPUM PARE,ARUNACHAL PRADESH,237,12,4,248,1
Arunachal Pradesh,TAWANG,ARUNACHAL PRADESH,238,12,1,245,1
Arunachal Pradesh,TIRAP,ARUNACHAL PRADESH,239,12,13,254,1
Arunachal Pradesh,UPPER SIANG,ARUNACHAL PRADESH,240,12,9,252,1
Arunachal Pradesh,UPPER SUBANSIRI,ARUNACHAL PRADESH,241,12,6,249,1
Arunachal Pradesh,WEST KAMENG,ARUNACHAL PRADESH,242,12,2,246,1
Arunachal Pradesh,WEST SIANG,ARUNACHAL PRADESH,243,12,7,250,1
Assam,_ASSAM,ASSAM,-1,-1,-1,-1,0
Assam,BAKSA,ASSAM,616,18,NA,324,1
Assam,BARPETA,ASSAM,280,18,5,303,1
Assam,BONGAIGAON,ASSAM,281,18,4,319,1
Assam,CACHAR,ASSAM,282,18,21,316,1
Assam,CHIRANG,ASSAM,612,18,NA,320,1
Assam,DARRANG,ASSAM,283,18,8,325,1
Assam,DHEMAJI,ASSAM,284,18,13,308,1
Assam,DHUBRI,ASSAM,285,18,2,301,1
Assam,DIBRUGARH,ASSAM,286,18,15,310,1
Assam,GOALPARA,ASSAM,287,18,3,302,1
Assam,GOLAGHAT,ASSAM,288,18,18,313,1
Assam,HAILAKANDI,ASSAM,289,18,23,318,1
Assam,JORHAT,ASSAM,290,18,17,312,1
Assam,KAMRUP M,ASSAM,618,18,NA,322,2
Assam,KAMRUP R,ASSAM,291,18,6,321,2
Assam,KARBI ANGLONG,ASSAM,292,18,19,314,1
Assam,KARIMGANJ,ASSAM,293,18,22,317,1
Assam,KOKRAJHAR,ASSAM,294,18,1,300,1
Assam,LAKHIMPUR,ASSAM,295,18,12,307,1
Assam,MARIGAON,ASSAM,296,18,9,304,1
Assam,NAGAON,ASSAM,297,18,10,305,1
Assam,NALBARI,ASSAM,298,18,7,323,1
Assam,NORTH CACHAR HILLS,ASSAM,-1,-1,-1,-1,0
Assam,SIBSAGAR,ASSAM,300,18,16,311,2
Assam,SONITPUR,ASSAM,301,18,11,306,1
Assam,TINSUKIA,ASSAM,302,18,14,309,1
Assam,UDALGURI,ASSAM,617,18,NA,326,1
Bihar,_BIHAR,BIHAR,-1,-1,-1,-1,0
Bihar,ARARIA,BIHAR,188,10,7,209,1
Bihar,ARWAL,BIHAR,611,10,33,240,1
Bihar,AURANGABAD,BIHAR,189,10,34,235,1
Bihar,BANKA,BIHAR,190,10,23,225,1
Bihar,BEGUSARAI,BIHAR,191,10,20,222,1
Bihar,BHAGALPUR,BIHAR,192,10,22,224,1
Bihar,BHOJPUR,BIHAR,193,10,29,231,1
Bihar,BUXAR,BIHAR,194,10,30,232,1
Bihar,DARBHANGA,BIHAR,195,10,13,215,1
Bihar,EAST CHAMPARAN,BIHAR,213,10,2,204,2
Bihar,GAYA,BIHAR,196,10,35,236,1
Bihar,GOPALGANJ,BIHAR,197,10,15,217,1
Bihar,JAMUI,BIHAR,198,10,37,238,1
Bihar,JEHANABAD,BIHAR,199,10,33,239,1
Bihar,KAIMUR BHABUA,BIHAR,200,10,31,233,2
Bihar,KATIHAR,BIHAR,201,10,10,212,1
Bihar,KHAGARIA,BIHAR,202,10,21,223,1
Bihar,KISHANGANJ,BIHAR,203,10,8,210,1
Bihar,LAKHISARAI,BIHAR,204,10,25,227,1
Bihar,MADHEPURA,BIHAR,205,10,11,213,1
Bihar,MADHUBANI,BIHAR,206,10,5,207,1
Bihar,MUNGER,BIHAR,207,10,24,226,1
Bihar,MUZAFFARPUR,BIHAR,208,10,14,216,1
Bihar,NALANDA,BIHAR,209,10,27,229,1
Bihar,NAWADA,BIHAR,210,10,36,237,1
Bihar,PATNA,BIHAR,212,10,28,230,1
Bihar,PURNIA,BIHAR,214,10,9,211,1
Bihar,ROHTAS,BIHAR,215,10,32,234,1
Bihar,SAHARSA,BIHAR,216,10,12,214,1
Bihar,SAMASTIPUR,BIHAR,217,10,19,221,1
Bihar,SARAN,BIHAR,218,10,17,219,1
Bihar,SHEIKHPURA,BIHAR,219,10,26,228,1
Bihar,SHEOHAR,BIHAR,220,10,3,205,1
Bihar,SITAMARHI,BIHAR,221,10,4,206,1
Bihar,SIWAN,BIHAR,222,10,16,218,1
Bihar,SUPAUL,BIHAR,223,10,6,208,1
Bihar,VAISHALI,BIHAR,224,10,18,220,1
Bihar,WEST CHAMPARAN,BIHAR,211,10,1,203,2
Chandigarh,_CHANDIGARH,CHANDIGARH,-1,-1,-1,-1,0
Chandigarh,CHANDIGARH,CHANDIGARH,44,4,1,55,1
Chhattisgarh,_CHHATTISGARH,CHHATTISGARH,-1,-1,-1,-1,0
Chhattisgarh,BALOD,CHHATTISGARH,646,22,NA,0,1
Chhattisgarh,BALODA BAZAR,CHHATTISGARH,644,22,NA,0,1
Chhattisgarh,BALRAMPUR,CHHATTISGARH,649,22,NA,0,1
Chhattisgarh,BASTAR,CHHATTISGARH,374,22,15,414,1
Chhattisgarh,BEMETRA,CHHATTISGARH,650,22,NA,0,2
Chhattisgarh,BIJAPUR,CHHATTISGARH,636,22,16,417,1
Chhattisgarh,BILASPUR,CHHATTISGARH,375,22,7,406,1
Chhattisgarh,DANTEWADA,CHHATTISGARH,376,22,16,416,1
Chhattisgarh,DHAMTARI,CHHATTISGARH,377,22,13,412,1
Chhattisgarh,DURG,CHHATTISGARH,378,22,10,409,1
Chhattisgarh,GARIYABAND,CHHATTISGARH,645,22,NA,0,1
Chhattisgarh,JANJGIR CHAMPA,CHHATTISGARH,379,22,6,405,2
Chhattisgarh,JASHPUR,CHHATTISGARH,380,22,3,402,1
Chhattisgarh,KANKER,CHHATTISGARH,381,22,14,413,1
Chhattisgarh,KAWARDHA,CHHATTISGARH,382,22,8,407,2
Chhattisgarh,KONDAGAON,CHHATTISGARH,643,22,NA,0,1
Chhattisgarh,KORBA,CHHATTISGARH,383,22,5,404,1
Chhattisgarh,KORIYA,CHHATTISGARH,384,22,1,400,2
Chhattisgarh,MAHASAMUND,CHHATTISGARH,385,22,12,411,1
Chhattisgarh,MUNGELI,CHHATTISGARH,647,22,NA,0,1
Chhattisgarh,NARAYANPUR,CHHATTISGARH,637,22,NA,415,1
Chhattisgarh,RAIGARH,CHHATTISGARH,386,22,4,403,1
Chhattisgarh,RAIPUR,CHHATTISGARH,387,22,11,410,1
Chhattisgarh,RAJNANDGAON,CHHATTISGARH,388,22,9,408,1
Chhattisgarh,SUKMA,CHHATTISGARH,642,22,NA,0,1
Chhattisgarh,SURAJPUR,CHHATTISGARH,648,22,NA,0,1
Chhattisgarh,SURGUJA,CHHATTISGARH,389,22,2,401,1
Dadra & Nagar Haveli,_DADRA & NAGAR HAVELI,DADRA & NAGAR HAVELI,-1,-1,-1,-1,0
Dadra & Nagar Haveli,DADRA AND NAGAR HAVELI,DADRA & NAGAR HAVELI,465,26,1,496,2
Daman & Diu,_DAMAN & DIU,DAMAN & DIU,-1,-1,-1,-1,0
Daman & Diu,DAMAN,DAMAN & DIU,463,25,2,495,2
Daman & Diu,DIU,DAMAN & DIU,464,25,1,494,2
Delhi,_DELHI,DELHI,-1,-1,-1,-1,0
Delhi,CENTRAL,DELHI,77,7,6,95,1
Delhi,EAST,DELHI,78,7,4,93,1
Delhi,NEW DELHI,DELHI,79,7,5,94,1
Delhi,NORTH,DELHI,80,7,2,91,1
Delhi,NORTH EAST,DELHI,81,7,3,92,1
Delhi,NORTH WEST,DELHI,82,7,1,90,1
Delhi,SHAHDARA,DELHI,671,7,NA,0,1
Delhi,SOUTH,DELHI,83,7,9,98,1
Delhi,SOUTH EAST,DELHI,670,7,NA,0,2
Delhi,SOUTH WEST,DELHI,84,7,8,97,1
Delhi,WEST,DELHI,85,7,7,96,1
Goa,_GOA,GOA,-1,-1,-1,-1,0
Goa,NORTH GOA,GOA,551,30,1,585,1
Goa,SOUTH GOA,GOA,552,30,2,586,1
Gujarat,_GUJARAT,GUJARAT,-1,-1,-1,-1,0
Gujarat,AHMEDABAD,GUJARAT,438,24,7,474,2
Gujarat,AMRELI,GUJARAT,439,24,13,480,1
Gujarat,ANAND,GUJARAT,440,24,15,482,1
Gujarat,ARAVALLI,GUJARAT,672,24,NA,0,2
Gujarat,BANAS KANTHA,GUJARAT,441,24,2,469,1
Gujarat,BHARUCH,GUJARAT,442,24,21,488,1
Gujarat,BHAVNAGAR,GUJARAT,443,24,14,481,1
Gujarat,BOTAD,GUJARAT,-1,-1,-1,481,3
Gujarat,CHHOTAUDEPUR,GUJARAT,668,24,NA,0,1
Gujarat,DAHOD,GUJARAT,445,24,18,485,2
Gujarat,DEVBHUMI DWARKA,GUJARAT,-1,-1,-1,477,3
Gujarat,GANDHINAGAR,GUJARAT,446,24,6,473,1
Gujarat,GIR SOMNATH,GUJARAT,-1,-1,-1,-1,0
Gujarat,JAMNAGAR,GUJARAT,447,24,10,477,1
Gujarat,JUNAGADH,GUJARAT,448,24,12,479,1
Gujarat,KACHCHH,GUJARAT,449,24,1,468,1
Gujarat,KHEDA,GUJARAT,450,24,16,483,1
Gujarat,MAHESANA,GUJARAT,451,24,4,471,1
Gujarat,MAHISAGAR,GUJARAT,669,24,NA,0,2
Gujarat,MORBI,GUJARAT,-1,-1,-1,-1,0
Gujarat,NARMADA,GUJARAT,452,24,20,487,1
Gujarat,NAVSARI,GUJARAT,453,24,24,490,1
Gujarat,PANCH MAHALS,GUJARAT,454,24,17,484,1
Gujarat,PATAN,GUJARAT,455,24,3,470,1
Gujarat,PORBANDAR,GUJARAT,456,24,11,478,1
Gujarat,RAJKOT,GUJARAT,457,24,9,476,1
Gujarat,SABAR KANTHA,GUJARAT,458,24,5,472,1
Gujarat,SURAT,GUJARAT,459,24,22,492,1
Gujarat,SURENDRANAGAR,GUJARAT,460,24,8,475,1
Gujarat,TAPI,GUJARAT,641,24,NA,493,1
Gujarat,THE DANGS,GUJARAT,444,24,23,489,2
Gujarat,VADODARA,GUJARAT,461,24,19,486,1
Gujarat,VALSAD,GUJARAT,462,24,25,491,1
Haryana,_HARYANA,HARYANA,-1,-1,-1,-1,0
Haryana,AMBALA,HARYANA,58,6,2,70,1
Haryana,BHIWANI,HARYANA,59,6,13,81,1
Haryana,FARIDABAD,HARYANA,60,6,19,88,1
Haryana,FATEHABAD,HARYANA,61,6,10,78,1
Haryana,GURGAON,HARYANA,62,6,18,86,1
Haryana,HISAR,HARYANA,63,6,12,80,1
Haryana,JHAJJAR,HARYANA,64,6,15,83,1
Haryana,JIND,HARYANA,65,6,9,77,1
Haryana,KAITHAL,HARYANA,66,6,5,73,1
Haryana,KARNAL,HARYANA,67,6,6,74,1
Haryana,KURUKSHETRA,HARYANA,68,6,4,72,1
Haryana,MAHENDRAGARH,HARYANA,69,6,16,84,1
Haryana,MEWAT,HARYANA,604,6,NA,87,1
Haryana,PALWAL,HARYANA,619,6,NA,89,1
Haryana,PANCHKULA,HARYANA,70,6,1,69,1
Haryana,PANIPAT,HARYANA,71,6,7,75,1
Haryana,REWARI,HARYANA,72,6,17,85,1
Haryana,ROHTAK,HARYANA,73,6,14,82,1
Haryana,SIRSA,HARYANA,74,6,11,79,1
Haryana,SONIPAT,HARYANA,75,6,8,76,1
Haryana,YAMUNANAGAR,HARYANA,76,6,3,71,1
Himachal Pradesh,_HIMACHAL PRADESH,HIMACHAL PRADESH,-1,-1,-1,-1,0
Himachal Pradesh,BILASPUR,HIMACHAL PRADESH,15,2,8,30,1
Himachal Pradesh,CHAMBA,HIMACHAL PRADESH,16,2,1,23,1
Himachal Pradesh,HAMIRPUR,HIMACHAL PRADESH,17,2,6,28,1
Himachal Pradesh,KANGRA,HIMACHAL PRADESH,18,2,2,24,1
Himachal Pradesh,KINNAUR,HIMACHAL PRADESH,19,2,12,34,1
Himachal Pradesh,KULLU,HIMACHAL PRADESH,20,2,4,26,1
Himachal Pradesh,LAHUL SPITI,HIMACHAL PRADESH,21,2,3,25,2
Himachal Pradesh,MANDI,HIMACHAL PRADESH,22,2,5,27,1
Himachal Pradesh,SHIMLA,HIMACHAL PRADESH,23,2,11,33,1
Himachal Pradesh,SIRMAUR,HIMACHAL PRADESH,24,2,10,32,1
Himachal Pradesh,SOLAN,HIMACHAL PRADESH,25,2,9,31,1
Himachal Pradesh,UNA,HIMACHAL PRADESH,26,2,7,29,1
Jammu & Kashmir,_JAMMU & KASHMIR,JAMMU AND KASHMIR,-1,-1,-1,-1,0
Jammu & Kashmir,ANANTNAG,JAMMU AND KASHMIR,1,1,6,14,1
Jammu & Kashmir,BADGAM,JAMMU AND KASHMIR,2,1,4,2,1
Jammu & Kashmir,BANDIPORA,JAMMU AND KASHMIR,623,1,NA,9,1
Jammu & Kashmir,BARAMULA,JAMMU AND KASHMIR,3,1,2,8,2
Jammu & Kashmir,DODA,JAMMU AND KASHMIR,4,1,9,16,1
Jammu & Kashmir,GANDERBAL,JAMMU AND KASHMIR,626,1,NA,11,1
Jammu & Kashmir,JAMMU,JAMMU AND KASHMIR,5,1,13,21,1
Jammu & Kashmir,KARGIL,JAMMU AND KASHMIR,6,1,8,4,1
Jammu & Kashmir,KATHUA,JAMMU AND KASHMIR,7,1,14,7,1
Jammu & Kashmir,KISHTWAR,JAMMU AND KASHMIR,620,1,9,18,1
Jammu & Kashmir,KULGAM,JAMMU AND KASHMIR,622,1,NA,15,1
Jammu & Kashmir,KUPWARA,JAMMU AND KASHMIR,8,1,1,1,1
Jammu & Kashmir,LEH LADAKH,JAMMU AND KASHMIR,9,1,7,3,1
Jammu & Kashmir,POONCH,JAMMU AND KASHMIR,10,1,11,5,1
Jammu & Kashmir,PULWAMA,JAMMU AND KASHMIR,11,1,5,12,1
Jammu & Kashmir,RAJOURI,JAMMU AND KASHMIR,12,1,12,6,2
Jammu & Kashmir,RAMBAN,JAMMU AND KASHMIR,621,1,9,17,1
Jammu & Kashmir,REASI,JAMMU AND KASHMIR,627,1,NA,20,1
Jammu & Kashmir,SAMBA,JAMMU AND KASHMIR,624,1,NA,22,1
Jammu & Kashmir,SHOPIAN,JAMMU AND KASHMIR,625,1,NA,13,1
Jammu & Kashmir,SRINAGAR,JAMMU AND KASHMIR,13,1,3,10,1
Jammu & Kashmir,UDHAMPUR,JAMMU AND KASHMIR,14,1,10,19,1
Jharkhand,_JHARKHAND,JHARKHAND,-1,-1,-1,-1,0
Jharkhand,BOKARO,JHARKHAND,322,20,13,355,1
Jharkhand,CHATRA,JHARKHAND,323,20,3,347,1
Jharkhand,DEOGHAR,JHARKHAND,324,20,7,350,1
Jharkhand,DHANBAD,JHARKHAND,325,20,12,354,1
Jharkhand,DUMKA,JHARKHAND,326,20,11,362,1
Jharkhand,GARHWA,JHARKHAND,328,20,1,346,1
Jharkhand,GIRIDIH,JHARKHAND,329,20,6,349,1
Jharkhand,GODDA,JHARKHAND,330,20,8,351,1
Jharkhand,GUMLA,JHARKHAND,331,20,16,366,1
Jharkhand,HAZARIBAGH,JHARKHAND,332,20,4,360,1
Jharkhand,JAMTARA,JHARKHAND,333,20,20,363,1
Jharkhand,KHUNTI,JHARKHAND,606,20,14,365,1
Jharkhand,KODARMA,JHARKHAND,334,20,5,348,2
Jharkhand,LATEHAR,JHARKHAND,335,20,2,359,1
Jharkhand,LOHARDAGA,JHARKHAND,336,20,15,356,1
Jharkhand,PAKAUR,JHARKHAND,337,20,10,353,2
Jharkhand,PALAMU,JHARKHAND,338,20,2,358,1
Jharkhand,PASHCHIMI SINGHBHUM,JHARKHAND,343,20,17,368,2
Jharkhand,PURBI SINGHBHUM,JHARKHAND,327,20,11,362,2
Jharkhand,RAMGARH,JHARKHAND,607,20,4,361,1
Jharkhand,RANCHI,JHARKHAND,339,20,14,364,1
Jharkhand,SAHIBGANJ,JHARKHAND,340,20,9,352,2
Jharkhand,SARAIKELA,JHARKHAND,341,20,17,369,2
Jharkhand,SIMDEGA,JHARKHAND,342,20,21,367,1
Karnataka,_KARNATAKA,KARNATAKA,-1,-1,-1,-1,0
Karnataka,BAGALKOTE,KARNATAKA,524,29,2,556,2
Karnataka,BANGALORE RURAL,KARNATAKA,526,29,21,583,2
Karnataka,BANGALORE URBAN,KARNATAKA,525,29,20,572,2
Karnataka,BELGAUM,KARNATAKA,527,29,1,555,2
Karnataka,BELLARY,KARNATAKA,528,29,12,565,2
Karnataka,BIDAR,KARNATAKA,529,29,5,558,1
Karnataka,BIJAPUR,KARNATAKA,530,29,3,557,2
Karnataka,CHAMRAJNAGAR,KARNATAKA,531,29,27,578,2
Karnataka,CHIKKABALLAPUR,KARNATAKA,630,29,19,582,2
Karnataka,CHIKMAGALUR,KARNATAKA,532,29,17,570,2
Karnataka,CHITRADURGA,KARNATAKA,533,29,13,566,1
Karnataka,DAKSHINA KANNADA,KARNATAKA,534,29,24,575,2
Karnataka,DAVANAGERE,KARNATAKA,535,29,14,567,2
Karnataka,DHARWAD,KARNATAKA,536,29,9,562,1
Karnataka,GADAG,KARNATAKA,537,29,8,561,1
Karnataka,GULBARGA,KARNATAKA,538,29,4,579,2
Karnataka,HASSAN,KARNATAKA,539,29,23,574,1
Karnataka,HAVERI,KARNATAKA,540,29,11,564,1
Karnataka,KODAGU,KARNATAKA,541,29,25,576,1
Karnataka,KOLAR,KARNATAKA,542,29,19,581,1
Karnataka,KOPPAL,KARNATAKA,543,29,7,560,1
Karnataka,MANDYA,KARNATAKA,544,29,22,573,1
Karnataka,MYSORE,KARNATAKA,545,29,26,577,2
Karnataka,RAICHUR,KARNATAKA,546,29,6,559,1
Karnataka,RAMANAGAR,KARNATAKA,631,29,21,584,2
Karnataka,SHIMOGA,KARNATAKA,547,29,15,568,2
Karnataka,TUMKUR,KARNATAKA,548,29,18,571,2
Karnataka,UDUPI,KARNATAKA,549,29,16,569,1
Karnataka,UTTARA KANNADA,KARNATAKA,550,29,10,563,2
Karnataka,YADGIR,KARNATAKA,635,29,4,580,1
Kerala,_KERALA,KERALA,-1,-1,-1,-1,0
Kerala,ALAPPUZHA,KERALA,554,32,11,598,1
Kerala,ERNAKULAM,KERALA,555,32,8,595,1
Kerala,IDUKKI,KERALA,556,32,9,596,1
Kerala,KOZHIKKODE,KERALA,561,32,4,591,2
Kerala,KANNUR,KERALA,557,32,2,589,1
Kerala,KASARAGOD,KERALA,558,32,1,588,1
Kerala,KOLLAM,KERALA,559,32,13,600,1
Kerala,KOTTAYAM,KERALA,560,32,10,597,1
Kerala,MALAPPURAM,KERALA,562,32,5,592,1
Kerala,PALAKKAD,KERALA,563,32,6,593,1
Kerala,PATHANAMTHITTA,KERALA,564,32,12,599,1
Kerala,THIRUVANANTHAPURAM,KERALA,565,32,14,601,1
Kerala,THRISSUR,KERALA,566,32,7,594,1
Kerala,WAYANAD,KERALA,567,32,3,590,1
Lakshadweep,_LAKSHADWEEP,LAKSHADWEEP,-1,-1,-1,-1,0
Lakshadweep,LAKSHADWEEP,LAKSHADWEEP,553,31,1,587,2
Madhya Pradesh,_MADHYA PRADESH,MADHYA PRADESH,-1,-1,-1,-1,0
Madhya Pradesh,AGAR MALWA,MADHYA PRADESH,667,23,NA,0,1
Madhya Pradesh,ALIRAJPUR,MADHYA PRADESH,639,23,24,465,1
Madhya Pradesh,ANUPPUR,MADHYA PRADESH,390,23,16,461,1
Madhya Pradesh,ASHOK NAGAR,MADHYA PRADESH,391,23,46,459,2
Madhya Pradesh,BALAGHAT,MADHYA PRADESH,392,23,45,457,1
Madhya Pradesh,BARWANI,MADHYA PRADESH,393,23,28,441,1
Madhya Pradesh,BETUL,MADHYA PRADESH,394,23,35,447,1
Madhya Pradesh,BHIND,MADHYA PRADESH,395,23,3,420,1
Madhya Pradesh,BHOPAL,MADHYA PRADESH,396,23,32,444,1
Madhya Pradesh,BURHANPUR,MADHYA PRADESH,397,23,29,467,1
Madhya Pradesh,CHHATARPUR,MADHYA PRADESH,398,23,9,425,1
Madhya Pradesh,CHHINDWADA,MADHYA PRADESH,399,23,43,455,2
Madhya Pradesh,DAMOH,MADHYA PRADESH,400,23,12,428,1
Madhya Pradesh,DATIA,MADHYA PRADESH,401,23,5,422,1
Madhya Pradesh,DEWAS,MADHYA PRADESH,402,23,23,437,1
Madhya Pradesh,DHAR,MADHYA PRADESH,403,23,25,438,1
Madhya Pradesh,DINDORI,MADHYA PRADESH,404,23,41,453,1
Madhya Pradesh,GUNA,MADHYA PRADESH,406,23,7,458,1
Madhya Pradesh,GWALIOR,MADHYA PRADESH,407,23,4,421,1
Madhya Pradesh,HARDA,MADHYA PRADESH,408,23,36,448,1
Madhya Pradesh,HOSHANGABAD,MADHYA PRADESH,409,23,37,449,1
Madhya Pradesh,INDORE,MADHYA PRADESH,410,23,26,439,1
Madhya Pradesh,JABALPUR,MADHYA PRADESH,411,23,39,451,1
Madhya Pradesh,JHABUA,MADHYA PRADESH,412,23,24,464,1
Madhya Pradesh,KATNI,MADHYA PRADESH,413,23,38,450,1
Madhya Pradesh,KHANDWA,MADHYA PRADESH,405,23,29,466,2
Madhya Pradesh,KHARGONE,MADHYA PRADESH,414,23,27,440,1
Madhya Pradesh,MANDLA,MADHYA PRADESH,415,23,42,454,1
Madhya Pradesh,MANDSAUR,MADHYA PRADESH,416,23,19,433,1
Madhya Pradesh,MORENA,MADHYA PRADESH,417,23,2,419,1
Madhya Pradesh,NARSINGHPUR,MADHYA PRADESH,418,23,40,452,1
Madhya Pradesh,NEEMUCH,MADHYA PRADESH,419,23,18,432,1
Madhya Pradesh,PANNA,MADHYA PRADESH,420,23,10,426,1
Madhya Pradesh,RAISEN,MADHYA PRADESH,421,23,34,446,1
Madhya Pradesh,RAJGARH,MADHYA PRADESH,422,23,30,442,1
Madhya Pradesh,RATLAM,MADHYA PRADESH,423,23,20,434,1
Madhya Pradesh,REWA,MADHYA PRADESH,424,23,14,430,1
Madhya Pradesh,SAGAR,MADHYA PRADESH,425,23,11,427,1
Madhya Pradesh,SATNA,MADHYA PRADESH,426,23,13,429,1
Madhya Pradesh,SEHORE,MADHYA PRADESH,427,23,33,445,1
Madhya Pradesh,SEONI,MADHYA PRADESH,428,23,44,456,1
Madhya Pradesh,SHAHDOL,MADHYA PRADESH,429,23,16,460,1
Madhya Pradesh,SHAJAPUR,MADHYA PRADESH,430,23,22,436,1
Madhya Pradesh,SHEOPUR,MADHYA PRADESH,431,23,1,418,1
Madhya Pradesh,SHIVPURI,MADHYA PRADESH,432,23,6,423,1
Madhya Pradesh,SIDHI,MADHYA PRADESH,433,23,17,462,1
Madhya Pradesh,SINGROLI,MADHYA PRADESH,638,23,NA,463,2
Madhya Pradesh,TIKAMGARH,MADHYA PRADESH,434,23,8,424,1
Madhya Pradesh,UJJAIN,MADHYA PRADESH,435,23,21,435,1
Madhya Pradesh,UMARIA,MADHYA PRADESH,436,23,15,431,1
Madhya Pradesh,VIDISHA,MADHYA PRADESH,437,23,31,443,1
Maharashtra,_MAHARASHTRA,MAHARASHTRA,-1,-1,-1,-1,0
Maharashtra,AHMEDNAGAR,MAHARASHTRA,466,27,26,522,1
Maharashtra,AKOLA,MAHARASHTRA,467,27,5,501,1
Maharashtra,AMRAVATI,MAHARASHTRA,468,27,7,503,1
Maharashtra,AURANGABAD,MAHARASHTRA,469,27,19,515,1
Maharashtra,BHANDARA,MAHARASHTRA,471,27,10,506,1
Maharashtra,BID,MAHARASHTRA,470,27,27,523,2
Maharashtra,BRIHAN MUMBAI,MAHARASHTRA,483,27,22,518,2
Maharashtra,BULDANA,MAHARASHTRA,472,27,4,500,2
Maharashtra,CHANDRAPUR,MAHARASHTRA,473,27,13,509,1
Maharashtra,DHULE,MAHARASHTRA,474,27,2,498,1
Maharashtra,GADCHIROLI,MAHARASHTRA,475,27,12,508,1
Maharashtra,GONDIYA,MAHARASHTRA,476,27,11,507,2
Maharashtra,HINGOLI,MAHARASHTRA,477,27,16,512,1
Maharashtra,JALGAON,MAHARASHTRA,478,27,3,499,1
Maharashtra,JALNA,MAHARASHTRA,479,27,18,514,1
Maharashtra,KOLHAPUR,MAHARASHTRA,480,27,34,530,1
Maharashtra,LATUR,MAHARASHTRA,481,27,28,524,1
Maharashtra,NAGPUR,MAHARASHTRA,484,27,9,505,1
Maharashtra,NANDED,MAHARASHTRA,485,27,15,511,1
Maharashtra,NANDURBAR,MAHARASHTRA,486,27,1,497,1
Maharashtra,NASHIK,MAHARASHTRA,487,27,20,516,1
Maharashtra,OSMANABAD,MAHARASHTRA,488,27,29,525,1
Maharashtra,PALGHAR,MAHARASHTRA,665,27,NA,0,1
Maharashtra,PARBHANI,MAHARASHTRA,489,27,17,513,1
Maharashtra,PUNE,MAHARASHTRA,490,27,25,521,1
Maharashtra,RAIGARH,MAHARASHTRA,491,27,24,520,2
Maharashtra,RATNAGIRI,MAHARASHTRA,492,27,32,528,1
Maharashtra,SANGLI,MAHARASHTRA,493,27,35,531,1
Maharashtra,SATARA,MAHARASHTRA,494,27,31,527,1
Maharashtra,SINDHUDURG,MAHARASHTRA,495,27,33,529,1
Maharashtra,SOLAPUR,MAHARASHTRA,496,27,30,526,1
Maharashtra,THANE,MAHARASHTRA,497,27,21,517,1
Maharashtra,WARDHA,MAHARASHTRA,498,27,8,504,1
Maharashtra,WASHIM,MAHARASHTRA,499,27,6,502,1
Maharashtra,YAVATMAL,MAHARASHTRA,500,27,14,510,1
Manipur,_MANIPUR,MANIPUR,-1,-1,-1,-1,0
Manipur,BISHNUPUR,MANIPUR,252,14,4,275,1
Manipur,CHANDEL,MANIPUR,253,14,9,280,1
Manipur,CHURACHANDPUR,MANIPUR,254,14,3,274,1
Manipur,IMPHAL EAST,MANIPUR,255,14,7,278,1
Manipur,IMPHAL WEST,MANIPUR,256,14,6,277,1
Manipur,SENAPATI,MANIPUR,257,14,1,272,1
Manipur,TAMENGLONG,MANIPUR,258,14,2,273,1
Manipur,THOUBAL,MANIPUR,259,14,5,276,1
Manipur,UKHRUL,MANIPUR,260,14,8,279,1
Meghalaya,_MEGHALAYA,MEGHALAYA,-1,-1,-1,-1,0
Meghalaya,EAST GARO HILLS,MEGHALAYA,273,17,2,294,1
Meghalaya,EAST JAINTIA HILLS,MEGHALAYA,657,17,NA,0,1
Meghalaya,EAST KHASI HILLS,MEGHALAYA,274,17,6,298,1
Meghalaya,NORTH GARO HILLS,MEGHALAYA,656,17,NA,0,1
Meghalaya,RI BHOI,MEGHALAYA,276,17,5,297,1
Meghalaya,SOUTH GARO HILLS,MEGHALAYA,277,17,3,295,1
Meghalaya,SOUTH WEST GARO HILLS,MEGHALAYA,663,17,NA,0,1
Meghalaya,SOUTH WEST KHASI HILLS,MEGHALAYA,658,17,NA,0,1
Meghalaya,WEST GARO HILLS,MEGHALAYA,278,17,1,293,1
Meghalaya,WEST JAINTIA HILLS,MEGHALAYA,275,17,7,299,1
Meghalaya,WEST KHASI HILLS,MEGHALAYA,279,17,4,296,1
Mizoram,_MIZORAM,MIZORAM,-1,-1,-1,-1,0
Mizoram,AIZAWL EAST,MIZORAM,261,15,3,283,2
Mizoram,AIZAWL WEST,MIZORAM,-1,-1,-1,-1,0
Mizoram,CHAMPHAI,MIZORAM,262,15,4,284,1
Mizoram,KOLASIB,MIZORAM,263,15,2,282,1
Mizoram,LAWNGTLAI,MIZORAM,264,15,7,287,1
Mizoram,LUNGLEI,MIZORAM,265,15,6,286,1
Mizoram,MAMIT,MIZORAM,266,15,1,281,1
Mizoram,SAIHA,MIZORAM,267,15,8,288,1
Mizoram,SERCHHIP,MIZORAM,268,15,5,285,1
Nagaland,_NAGALAND,NAGALAND,-1,-1,-1,-1,0
Nagaland,DIMAPUR,NAGALAND,244,13,6,265,1
Nagaland,KIPHIRE,NAGALAND,614,13,2,269,1
Nagaland,KOHIMA,NAGALAND,245,13,7,270,1
Nagaland,LONGLENG,NAGALAND,615,13,2,268,1
Nagaland,MOKOKCHUNG,NAGALAND,246,13,3,262,1
Nagaland,MON,NAGALAND,247,13,1,261,1
Nagaland,PEREN,NAGALAND,613,13,7,271,1
Nagaland,PHEK,NAGALAND,248,13,8,266,1
Nagaland,TUENSANG,NAGALAND,249,13,2,267,1
Nagaland,WOKHA,NAGALAND,250,13,5,264,1
Nagaland,ZUNHEBOTO,NAGALAND,251,13,4,263,1
Odisha,_ODISHA,ODISHA,-1,-1,-1,-1,0
Odisha,ANUGUL,ODISHA,344,21,15,384,1
Odisha,BALANGIR,ODISHA,345,21,24,393,1
Odisha,BALESHWAR,ODISHA,346,21,8,377,1
Odisha,BARGARH,ODISHA,347,21,1,370,1
Odisha,BAUDH,ODISHA,349,21,22,391,2
Odisha,BHADRAK,ODISHA,348,21,9,378,1
Odisha,CUTTACK,ODISHA,350,21,12,381,1
Odisha,DEOGARH,ODISHA,351,21,4,373,1
Odisha,DHENKANAL,ODISHA,352,21,14,383,1
Odisha,GAJAPATI,ODISHA,353,21,20,389,1
Odisha,GANJAM,ODISHA,354,21,19,388,1
Odisha,JAGATSINGHPUR,ODISHA,355,21,11,380,2
Odisha,JAJAPUR,ODISHA,356,21,13,382,1
Odisha,JHARSUGUDA,ODISHA,357,21,2,371,1
Odisha,KALAHANDI,ODISHA,358,21,26,395,1
Odisha,KANDHAMAL,ODISHA,359,21,21,390,1
Odisha,KENDRAPARA,ODISHA,360,21,10,379,1
Odisha,KEONJHAR,ODISHA,361,21,6,375,2
Odisha,KHORDHA,ODISHA,362,21,17,386,1
Odisha,KORAPUT,ODISHA,363,21,29,398,1
Odisha,MALKANGIRI,ODISHA,364,21,30,399,1
Odisha,MAYURBHANJ,ODISHA,365,21,7,376,1
Odisha,NABARANGAPUR,ODISHA,366,21,28,397,2
Odisha,NAYAGARH,ODISHA,367,21,16,385,1
Odisha,NUAPADA,ODISHA,368,21,25,394,1
Odisha,PURI,ODISHA,369,21,18,387,1
Odisha,RAYAGADA,ODISHA,370,21,27,396,1
Odisha,SAMBALPUR,ODISHA,371,21,3,372,1
Odisha,SONAPUR,ODISHA,372,21,23,392,2
Odisha,SUNDARGARH,ODISHA,373,21,5,374,1
Puducherry,_PUDUCHERRY,PUDUCHERRY,-1,-1,-1,-1,0
Puducherry,KARAIKAL,PUDUCHERRY,598,34,4,637,1
Puducherry,MAHE,PUDUCHERRY,599,34,3,636,1
Puducherry,PONDICHERRY,PUDUCHERRY,600,34,2,635,1
Puducherry,YANAM,PUDUCHERRY,601,34,1,634,1
Punjab,_PUNJAB,PUNJAB,-1,-1,-1,-1,0
Punjab,AMRITSAR,PUNJAB,27,3,2,49,1
Punjab,BARNALA,PUNJAB,605,3,NA,54,1
Punjab,BATHINDA,PUNJAB,28,3,14,46,1
Punjab,FARIDKOT,PUNJAB,29,3,13,45,1
Punjab,FATEHGARH SAHIB,PUNJAB,30,3,8,40,1
Punjab,FAZILKA,PUNJAB,651,3,NA,0,1
Punjab,FIROZPUR,PUNJAB,31,3,11,43,2
Punjab,GURDASPUR,PUNJAB,32,3,1,35,1
Punjab,HOSHIARPUR,PUNJAB,33,3,5,38,1
Punjab,JALANDHAR,PUNJAB,34,3,4,37,1
Punjab,KAPURTHALA,PUNJAB,35,3,3,36,1
Punjab,LUDHIANA,PUNJAB,36,3,9,41,1
Punjab,MANSA,PUNJAB,37,3,15,47,1
Punjab,MOGA,PUNJAB,38,3,10,42,1
Punjab,MOHALI SAS NAGAR,PUNJAB,608,3,NA,52,2
Punjab,MUKTSAR,PUNJAB,39,3,12,44,2
Punjab,NAWANSHAHR,PUNJAB,40,3,6,39,1
Punjab,PATHANKOT,PUNJAB,662,3,NA,0,1
Punjab,PATIALA,PUNJAB,41,3,17,48,1
Punjab,RUPNAGAR,PUNJAB,42,3,7,51,1
Punjab,SANGRUR,PUNJAB,43,3,16,53,1
Punjab,TARN TARAN,PUNJAB,609,3,NA,50,2
Rajasthan,_RAJASTHAN,RAJASTHAN,-1,-1,-1,-1,0
Rajasthan,AJMER,RAJASTHAN,86,8,21,119,1
Rajasthan,ALWAR,RAJASTHAN,87,8,6,104,1
Rajasthan,BANSWARA,RAJASTHAN,88,8,28,125,1
Rajasthan,BARAN,RAJASTHAN,89,8,31,128,1
Rajasthan,BARMER,RAJASTHAN,90,8,17,115,1
Rajasthan,BHARATPUR,RAJASTHAN,91,8,7,105,1
Rajasthan,BHILWARA,RAJASTHAN,92,8,24,122,1
Rajasthan,BIKANER,RAJASTHAN,93,8,3,101,1
Rajasthan,BUNDI,RAJASTHAN,94,8,23,121,1
Rajasthan,CHITTAURGARH,RAJASTHAN,95,8,29,126,2
Rajasthan,CHURU,RAJASTHAN,96,8,4,102,1
Rajasthan,DAUSA,RAJASTHAN,97,8,11,109,1
Rajasthan,DHAULPUR,RAJASTHAN,98,8,8,106,2
Rajasthan,DUNGARPUR,RAJASTHAN,99,8,27,124,1
Rajasthan,GANGANAGAR,RAJASTHAN,100,8,1,99,1
Rajasthan,HANUMANGARH,RAJASTHAN,101,8,2,100,1
Rajasthan,JAIPUR,RAJASTHAN,102,8,12,110,1
Rajasthan,JAISALMER,RAJASTHAN,103,8,16,114,1
Rajasthan,JALOR,RAJASTHAN,104,8,18,116,2
Rajasthan,JHALAWAR,RAJASTHAN,105,8,32,129,1
Rajasthan,JHUNJHUNUN,RAJASTHAN,106,8,5,103,2
Rajasthan,JODHPUR,RAJASTHAN,107,8,15,113,1
Rajasthan,KARAULI,RAJASTHAN,108,8,9,107,1
Rajasthan,KOTA,RAJASTHAN,109,8,30,127,1
Rajasthan,NAGAUR,RAJASTHAN,110,8,14,112,1
Rajasthan,PALI,RAJASTHAN,111,8,20,118,1
Rajasthan,PRATAPGARH,RAJASTHAN,629,8,NA,131,1
Rajasthan,RAJSAMAND,RAJASTHAN,112,8,25,123,1
Rajasthan,SAWAI MADHOPUR,RAJASTHAN,113,8,10,108,1
Rajasthan,SIKAR,RAJASTHAN,114,8,13,111,1
Rajasthan,SIROHI,RAJASTHAN,115,8,19,117,1
Rajasthan,TONK,RAJASTHAN,116,8,22,120,1
Rajasthan,UDAIPUR,RAJASTHAN,117,8,26,130,1
Sikkim,_SIKKIM,SIKKIM,-1,-1,-1,-1,0
Sikkim,EAST,SIKKIM,225,11,4,244,2
Sikkim,NORTH,SIKKIM,226,11,1,241,2
Sikkim,SOUTH,SIKKIM,227,11,3,243,2
Sikkim,WEST,SIKKIM,228,11,2,242,2
Tamil Nadu,_TAMIL NADU,TAMIL NADU,-1,-1,-1,-1,0
Tamil Nadu,ARIYALUR,TAMIL NADU,610,33,17,616,2
Tamil Nadu,CHENNAI,TAMIL NADU,568,33,2,603,1
Tamil Nadu,COIMBATORE,TAMIL NADU,569,33,12,632,1
Tamil Nadu,CUDDALORE,TAMIL NADU,570,33,18,617,1
Tamil Nadu,DHARMAPURI,TAMIL NADU,571,33,5,630,1
Tamil Nadu,DINDIGUL,TAMIL NADU,572,33,13,612,1
Tamil Nadu,ERODE,TAMIL NADU,573,33,10,610,1
Tamil Nadu,KANCHEEPURAM,TAMIL NADU,574,33,3,604,2
Tamil Nadu,KANNIYAKUMARI,TAMIL NADU,575,33,30,629,1
Tamil Nadu,KARUR,TAMIL NADU,576,33,14,613,1
Tamil Nadu,KRISHNAGIRI,TAMIL NADU,577,33,5,631,1
Tamil Nadu,MADURAI,TAMIL NADU,578,33,24,623,1
Tamil Nadu,NAGAPATTINAM,TAMIL NADU,579,33,19,618,1
Tamil Nadu,NAMAKKAL,TAMIL NADU,580,33,9,609,1
Tamil Nadu,NILGIRIS,TAMIL NADU,587,33,11,611,2
Tamil Nadu,PERAMBALUR,TAMIL NADU,581,33,16,615,1
Tamil Nadu,PUDUKKOTTAI,TAMIL NADU,582,33,22,621,1
Tamil Nadu,RAMANATHAPURAM,TAMIL NADU,583,33,27,626,1
Tamil Nadu,SALEM,TAMIL NADU,584,33,8,608,1
Tamil Nadu,SIVAGANGA,TAMIL NADU,585,33,23,622,1
Tamil Nadu,THANJAVUR,TAMIL NADU,586,33,21,620,1
Tamil Nadu,THENI,TAMIL NADU,588,33,25,624,1
Tamil Nadu,THIRUVALLUR,TAMIL NADU,589,33,1,602,1
Tamil Nadu,THIRUVARUR,TAMIL NADU,590,33,20,619,1
Tamil Nadu,TIRUCHIRAPPALLI,TAMIL NADU,591,33,15,614,1
Tamil Nadu,TIRUNELVELI,TAMIL NADU,592,33,29,628,1
Tamil Nadu,TIRUPUR,TAMIL NADU,634,33,NA,633,2
Tamil Nadu,TIRUVANAMALAI,TAMIL NADU,593,33,6,606,2
Tamil Nadu,TOOTHUKUDI,TAMIL NADU,594,33,28,627,2
Tamil Nadu,VELLORE,TAMIL NADU,595,33,4,605,1
Tamil Nadu,VILUPPURAM,TAMIL NADU,596,33,7,607,2
Tamil Nadu,VIRUDHUNAGAR,TAMIL NADU,597,33,26,625,1
Telangana,_TELANGANA,ANDHRA PRADESH,-1,-1,-1,-1,0
Telangana,ADILABAD,ANDHRA PRADESH,501,36,1,532,1
Telangana,HYDERABAD,ANDHRA PRADESH,507,36,5,536,1
Telangana,KARIM NAGAR,ANDHRA PRADESH,508,36,3,534,2
Telangana,KHAMMAM,ANDHRA PRADESH,509,36,10,541,1
Telangana,MAHBUBNAGAR,ANDHRA PRADESH,512,36,7,538,1
Telangana,MEDAK,ANDHRA PRADESH,513,36,4,535,1
Telangana,NALGONDA,ANDHRA PRADESH,514,36,8,539,1
Telangana,NIZAMABAD,ANDHRA PRADESH,516,36,2,533,1
Telangana,RANGA REDDY,ANDHRA PRADESH,-1,-1,-1,-1,0
Telangana,WARANGAL,ANDHRA PRADESH,522,36,9,540,1
Tripura,_TRIPURA,TRIPURA,-1,-1,-1,-1,0
Tripura,DHALAI,TRIPURA,269,16,3,291,2
Tripura,GOMATI,TRIPURA,654,16,NA,0,2
Tripura,KHOWAI,TRIPURA,652,16,NA,0,2
Tripura,NORTH TRIPURA,TRIPURA,270,16,4,292,2
Tripura,SIPAHIJALA,TRIPURA,653,16,NA,0,2
Tripura,SOUTH TRIPURA,TRIPURA,271,16,2,290,2
Tripura,UNAKOTI,TRIPURA,655,16,NA,0,2
Tripura,WEST TRIPURA,TRIPURA,272,16,1,289,2
Uttar Pradesh,_UTTAR PRADESH,UTTAR PRADESH,-1,-1,-1,-1,0
Uttar Pradesh,AGRA,UTTAR PRADESH,118,9,15,146,1
Uttar Pradesh,ALIGARH,UTTAR PRADESH,119,9,12,143,1
Uttar Pradesh,ALLAHABAD,UTTAR PRADESH,120,9,45,175,1
Uttar Pradesh,AMBEDKAR NAGAR,UTTAR PRADESH,121,9,48,178,1
Uttar Pradesh,AURAIYA,UTTAR PRADESH,122,9,32,162,1
Uttar Pradesh,AZAMGARH,UTTAR PRADESH,123,9,61,191,1
Uttar Pradesh,BAGPAT,UTTAR PRADESH,124,9,8,139,2
Uttar Pradesh,BAHRAICH,UTTAR PRADESH,125,9,50,180,1
Uttar Pradesh,BALLIA,UTTAR PRADESH,126,9,63,193,1
Uttar Pradesh,BALRAMPUR,UTTAR PRADESH,127,9,52,182,1
Uttar Pradesh,BANDA,UTTAR PRADESH,128,9,40,170,1
Uttar Pradesh,BARABANKI,UTTAR PRADESH,129,9,46,176,1
Uttar Pradesh,BAREILLY,UTTAR PRADESH,130,9,20,150,1
Uttar Pradesh,BASTI,UTTAR PRADESH,131,9,55,185,1
Uttar Pradesh,BIJNOR,UTTAR PRADESH,132,9,3,134,1
Uttar Pradesh,BUDAUN,UTTAR PRADESH,133,9,19,149,1
Uttar Pradesh,BULANDSHAHAR,UTTAR PRADESH,134,9,11,142,2
Uttar Pradesh,C S M NAGAR,UTTAR PRADESH,640,9,NA,0,2
Uttar Pradesh,CHANDAULI,UTTAR PRADESH,135,9,66,196,1
Uttar Pradesh,CHITRAKOOT,UTTAR PRADESH,136,9,41,171,1
Uttar Pradesh,DEORIA,UTTAR PRADESH,137,9,60,190,1
Uttar Pradesh,ETAH,UTTAR PRADESH,138,9,17,201,1
Uttar Pradesh,ETAWAH,UTTAR PRADESH,139,9,31,161,1
Uttar Pradesh,FAIZABAD,UTTAR PRADESH,140,9,47,177,1
Uttar Pradesh,FARRUKHABAD,UTTAR PRADESH,141,9,29,159,1
Uttar Pradesh,FATEHPUR,UTTAR PRADESH,142,9,42,172,1
Uttar Pradesh,FIROZABAD,UTTAR PRADESH,143,9,16,147,1
Uttar Pradesh,GAUTAM BUDDHA NAGAR,UTTAR PRADESH,144,9,10,141,1
Uttar Pradesh,GHAZIABAD,UTTAR PRADESH,145,9,9,140,1
Uttar Pradesh,GHAZIPUR,UTTAR PRADESH,146,9,65,195,1
Uttar Pradesh,GONDA,UTTAR PRADESH,147,9,53,183,1
Uttar Pradesh,GORAKHPUR,UTTAR PRADESH,148,9,58,188,1
Uttar Pradesh,HAMIRPUR,UTTAR PRADESH,149,9,38,168,1
Uttar Pradesh,HAPUR,UTTAR PRADESH,661,9,NA,0,1
Uttar Pradesh,HARDOI,UTTAR PRADESH,150,9,25,155,1
Uttar Pradesh,HATHRAS,UTTAR PRADESH,163,9,13,144,1
Uttar Pradesh,JALAUN,UTTAR PRADESH,151,9,35,165,1
Uttar Pradesh,JAUNPUR,UTTAR PRADESH,152,9,64,194,1
Uttar Pradesh,JHANSI,UTTAR PRADESH,153,9,36,166,1
Uttar Pradesh,JYOTIBA PHULE NAGAR,UTTAR PRADESH,154,9,6,137,2
Uttar Pradesh,KANNAUJ,UTTAR PRADESH,155,9,30,160,1
Uttar Pradesh,KANPUR DEHAT,UTTAR PRADESH,156,9,33,163,1
Uttar Pradesh,KANPUR NAGAR,UTTAR PRADESH,157,9,34,164,1
Uttar Pradesh,KASHI RAM NAGAR,UTTAR PRADESH,633,9,NA,202,2
Uttar Pradesh,KAUSHAMBI,UTTAR PRADESH,158,9,44,174,1
Uttar Pradesh,KUSHINAGAR,UTTAR PRADESH,160,9,59,189,2
Uttar Pradesh,LAKHIMPUR KHERI,UTTAR PRADESH,159,9,23,153,2
Uttar Pradesh,LALITPUR,UTTAR PRADESH,161,9,37,167,1
Uttar Pradesh,LUCKNOW,UTTAR PRADESH,162,9,27,157,1
Uttar Pradesh,MAHARAJGANJ,UTTAR PRADESH,164,9,57,187,1
Uttar Pradesh,MAHOBA,UTTAR PRADESH,165,9,39,169,1
Uttar Pradesh,MAINPURI,UTTAR PRADESH,166,9,18,148,1
Uttar Pradesh,MATHURA,UTTAR PRADESH,167,9,14,145,1
Uttar Pradesh,MAUNATHBHANJAN,UTTAR PRADESH,168,9,62,192,2
Uttar Pradesh,MEERUT,UTTAR PRADESH,169,9,7,138,1
Uttar Pradesh,MIRZAPUR,UTTAR PRADESH,170,9,69,199,1
Uttar Pradesh,MORADABAD,UTTAR PRADESH,171,9,4,135,1
Uttar Pradesh,MUZAFFARNAGAR,UTTAR PRADESH,172,9,2,133,1
Uttar Pradesh,PILIBHIT,UTTAR PRADESH,173,9,21,151,1
Uttar Pradesh,PRATAPGARH,UTTAR PRADESH,174,9,43,173,1
Uttar Pradesh,RAE BARELI,UTTAR PRADESH,175,9,28,158,1
Uttar Pradesh,RAMPUR,UTTAR PRADESH,176,9,5,136,1
Uttar Pradesh,SAHARANPUR,UTTAR PRADESH,177,9,1,132,1
Uttar Pradesh,SAMBHAL,UTTAR PRADESH,659,9,NA,0,1
Uttar Pradesh,SANT KABIR NAGAR,UTTAR PRADESH,178,9,56,186,2
Uttar Pradesh,SANT RAVIDAS NAGAR,UTTAR PRADESH,179,9,68,198,2
Uttar Pradesh,SHAHJAHANPUR,UTTAR PRADESH,180,9,22,152,1
Uttar Pradesh,SHAMLI,UTTAR PRADESH,660,9,NA,0,1
Uttar Pradesh,SHRAWASTI,UTTAR PRADESH,181,9,51,181,2
Uttar Pradesh,SIDDHARTH NAGAR,UTTAR PRADESH,182,9,54,184,1
Uttar Pradesh,SITAPUR,UTTAR PRADESH,183,9,24,154,1
Uttar Pradesh,SONBHADRA,UTTAR PRADESH,184,9,70,200,1
Uttar Pradesh,SULTANPUR,UTTAR PRADESH,185,9,49,179,1
Uttar Pradesh,UNNAV,UTTAR PRADESH,186,9,26,156,2
Uttar Pradesh,VARANASI,UTTAR PRADESH,187,9,67,197,1
Uttarakhand,_UTTARAKHAND,UTTARAKHAND,-1,-1,-1,-1,0
Uttarakhand,ALMORA,UTTARAKHAND,45,5,9,64,1
Uttarakhand,BAGESHWAR,UTTARAKHAND,46,5,8,63,1
Uttarakhand,CHAMOLI,UTTARAKHAND,47,5,2,57,1
Uttarakhand,CHAMPAWAT,UTTARAKHAND,48,5,10,65,1
Uttarakhand,DEHRADUN,UTTARAKHAND,49,5,5,60,1
Uttarakhand,GARHWAL,UTTARAKHAND,52,5,6,61,2
Uttarakhand,HARDWAR,UTTARAKHAND,50,5,13,68,2
Uttarakhand,NAINITAL,UTTARAKHAND,51,5,11,66,1
Uttarakhand,PITHORAGARH,UTTARAKHAND,53,5,7,62,1
Uttarakhand,RUDRAPRAYAG,UTTARAKHAND,54,5,3,58,2
Uttarakhand,TEHRI GARHWAL,UTTARAKHAND,55,5,4,59,1
Uttarakhand,UDHAM SINGH NAGAR,UTTARAKHAND,56,5,12,67,2
Uttarakhand,UTTARKASHI,UTTARAKHAND,57,5,1,56,2
West Bengal,_WEST BENGAL,WEST BENGAL,-1,-1,-1,-1,0
West Bengal,BANKURA,WEST BENGAL,305,19,13,339,1
West Bengal,BARDHAMAN,WEST BENGAL,306,19,9,335,1
West Bengal,BIRBHUM,WEST BENGAL,307,19,8,334,1
West Bengal,DAKSHIN DINAJPUR,WEST BENGAL,310,19,5,331,2
West Bengal,DARJEELING,WEST BENGAL,309,19,1,327,1
West Bengal,HAORA,WEST BENGAL,313,19,16,341,2
West Bengal,HOOGHLY,WEST BENGAL,312,19,12,338,1
West Bengal,JALPAIGURI,WEST BENGAL,314,19,2,328,1
West Bengal,KOCH BIHAR,WEST BENGAL,308,19,3,329,2
West Bengal,KOLKATA,WEST BENGAL,315,19,17,342,1
West Bengal,MALDA,WEST BENGAL,316,19,6,332,2
West Bengal,MEDINIPUR EAST,WEST BENGAL,317,19,15,345,1
West Bengal,MEDINIPUR WEST,WEST BENGAL,318,19,15,344,1
West Bengal,MURSHIDABAD,WEST BENGAL,319,19,7,333,1
West Bengal,NADIA,WEST BENGAL,320,19,10,336,1
West Bengal,NORTH 24 PARGANAS,WEST BENGAL,303,19,11,337,2
West Bengal,PURULIYA,WEST BENGAL,321,19,14,340,2
West Bengal,SOUTH 24 PARGANAS,WEST BENGAL,304,19,18,343,2
West Bengal,UTTAR DINAJPUR,WEST BENGAL,311,19,4,330,2
West Bengal,ALIPURDUAR,WEST BENGAL,664,19,NA,0,2
