,Indicators,1,2,3,4,5,6,7,8,9,10,11,12,13,14,15,16,17,18,19,20,21,22,23,24,25,26,27,28,29,30,31,32,33,34,35,36,37,38,39,40,41,42,43,44,45,46,47,48,49,50,51,52,53,54,55,56,57,58,59,60,61,62,63,64,65,66,67,68,69,70,71,72,73,74,75,76,77,78,79,80,81,82,83,84,85,86,87,88,89,90,91,92,93,94,95,96,97,98,99,100,101,102,103,104,105,106,107,108,109,110,111,112,113,114,115,116,117,118,119,120,121,122,123,124,125,126,127,128,129,130,131,132,133,134,135,136,137,138,139,140,141,142,143,144,145,146,147,148,149,150,151,152,153,154,155,156,157,158,159,160,161,162,Total number of pregnant women Registered for ANC,Number of Pregnant women registered within first trimester,Number of Women registered under JSY,% 1st Trimester registration to Total ANC Registrations,% JSY registration to Total ANC Registration,Number of pregnant women received 3 ANC check ups,TT2 or Booster given to Pregnant women (numbers),% Pregnant Woman received 3 ANC check ups to Total ANC Registrations,% Pregnant women received TT2 or Booster to Total ANC Registration,Number of Pregnant women given 100 IFA tablets,% Pregnant women given 100 IFA to Total ANC Registration,Number having Hb level<11 (tested cases),Number having severe anaemia (Hb<7) treated at institution,% Pregnant women having severe anaemia (Hb<7) treated at institution to women having hb level<11,% New cases detected at institution for hypertension to Total ANC Registrations,Number of Home deliveries,Number of home deliveries attended by SBA trained (Doctor/Nurse/ANM),Number of home deliveries attended by Non SBA trained (trained TB/Dai),% SBA attended home deliveries to Total Reported Home Deliveries,Mothers paid JSY incentive for home deliveries,% Mothers paid JSY incentive for home deliveries to Total Reported Home Deliveries,Deliveries Conducted at Public Institutions,Number of Women Discharged under 48 hours of delivery in public facilities,% Women discharged in less than 48 hours of delivery to Total Reported Deliveries at public institutions,Institutional deliveries (Public Insts.+Pvt. Insts.),% Institutional Deliveries to total ANC registration,Total reported deliveries,% Institutional deliveries to Total Reported Deliveries,% Safe deliveries to Total Reported Deliveries,% Home deliveries to Total Reported Deliveries,Number of C-section deliveries conducted at public facilities,Number of C-section deliveries conducted at private facilities,% C-section deliveries (Public + Pvt.) to reported institutional (Public + Pvt.) deliveries,% C-sections conducted at public facilities to Deliveries conducted at public facilities,% C-sections conducted at Private facilities to Deliveries conducted at private facilities,% Deliveries conducted at Public Institutions to Total Institutional Deliveries,% Mothers paid JSY Incentive for Delivery at Public institution to Total Public Deliveries,% of cases where JSY Incentive paid to ASHA for Delivery at Public institution to Total Public Deliveries,% Deliveries conducted at Private Institutions to Total Institutional Deliveries,Women received post partum check-up within 48 hours of delivery,Post - Natal Care / Women got a post partum check up between 48 hours and 14 days,% Women receiving post partum check-up within 48 hours of delivery to Total Reported Deliveries,% Women getting Post Partum Checkup between 48 hours and 14 days to Total Deliveries,Total Number of reported live births,% Total Reported Live Births to Total Deliveries,Total Number of reported Still Births,% live birth to Reported Birth,Number of Newborns weighed at birth,% Newborns weighed at birth to live birth,Number of Newborns having weight less than 2.5 kg,% Newborns having weight less than 2.5 kg to Newborns weighed at birth,Number of New Borns Breast Fed within 1 hour,% Newborns breast fed within 1 hour of birth to Total live birth,Number of New Borns visited within 24 hrs of Home Delivery,% newborns visited within 24hrs of home delivery to total reported home deliveries,Sex Ratio at birth ( Female Live Bitrths/ Male Births *1000),% cases of Pregnant women with Obstetric Complications and attended to reported deliveries,% Complicated Pregnancies treated with IV antihypertensive/Magsulph injection to Total Women with Obstetric Complications attended,% Complicated Pregnancies treated with IV antihypertensive/Magsulph injection to Total New cases detected with Hypertension,% Complicated Pregnancies treated with Blood Transfusion to Total Women with Obstetric Complications attended,% Post - Natal Care / PNC maternal complications attended to Total Deliveries,Total Number of Abortions ( Spontaneous/ Induced) Reported,Total Number of MTPs ( Public) reported,% MTPs (Public) to Abortions,% MTPs up to 12 weeks of Pregnancy to Total MTPs at Public Institutions,% MTPs more than 12 weeks of Pregnancy to Total MTPs at Public Institutions,% MTPs Conducted at Public Institutions to Total MTPs,% MTPs Conducted at Private Institutions to Total MTPs,% Total MTPs (Public) Conducted to Total ANC Registration,% Number of Wet Mount Tests conducted to Number of new RTI/ STI female cases for which treatment initiated,Number of Vasectomies Conducted (Public + Pvt.),Number of Tubectomies Conducted (Public + Pvt.),Total Sterilisation Conducted,% Male Sterlisation (Vasectomies) to Total sterilisation,% Tubectomies to Total sterilisation,Total Sterlisation (Tubectomies and Vasectomies) conducted at PHC,Total Sterlisation (Tubectomies and Vasectomies) conducted at CHC,Total Sterlisation (Tubectomies and Vasectomies) conducted at SDH/DH,Total Sterlisation (Tubectomies and Vasectomies) conducted at Other public Institutions,Total Sterlisation (Tubectomies and Vasectomies) conducted at Private institutions,% Total Sterilisation (Tubectomies and Vasectomies) conducted at PHC to Total Sterlisation,% Total Sterilisation (Tubectomies and Vasectomies) conducted at CHC to Total Sterlisation,% Total Sterilisation (Tubectomies and Vasectomies) conducted at SDH/DH to Total Sterlisation,% Total Sterilisation (Tubectomies and Vasectomies) conducted at Other public Institutions to Total Sterlisation,% Total Sterilisation (Tubectomies and Vasectomies) conducted at Private institutions to Total Sterlisation,% Laparoscopic sterlisations to Total Female Sterilisations,% Mini Lap Sterlisations to Total Female Sterilisations,% Post Partum Sterlisations to Total Female Sterilisations,% Laparoscopic sterlisations at Public Institutions to Total Laparoscopic Sterilisations,% Mini Lap sterlisations at Public Institutions to Total Mini Lap Sterilisations,% Post Partum sterlisations at Public Institutions to Total Post Partum Sterilisation,Total cases of deaths following Sterlisation ( Male + Female),IUCD Insertions done (public facilities),IUCD insertions done (pvt. facilities),Total IUCD Insertions done(public+private),PP IUCD Insertions done (public facilities),% PP IUCD Insertions (public) to Total IUCD Insertions (public),% PP IUCD Insertions (public) to Total Institutional Deliveries (public),% IUCD insertions in public plus private institutions to all family planning methods ( IUCD plus permanent),Oral Pills distributed,Condom pieces distributed,Centchroman Pills distributed,Number of Infants given OPV 0 (Birth Dose),Number of Infants given BCG,% Newborns given OPV0 at birth to Reported live birth,% Newborns given BCG to Reported live birth,Number of Infants given DPT1,Number of Infants given DPT2,Number of Infants given DPT3,Number of Infants given Pentavalent 1,Number of Infants given Pentavalent 2,Number of Infants given Pentavalent 3,Number of Infants given Measles,% Infants 0 to 11 months old who received Measles vaccine to reported live births,Number of fully immunized children (9-11 months),% Drop Out between BCG & Measles,Vitamin - A dose 1,% Children given Vit A dose1 to Reported live birth,% Children given Vitamin A Dose 9 to Children given Vit A dose1,Adverse Events Following Imunisation (Others),% immunisation Sessions Held to Immunisation Sessions Planned,% Immunisation Sessions where ASHAs were present to Immunisation Sessions Planned,% Diptheria in Children 0-5 Years of Age to Total Reported Childhood Diseases 0-5 Years,% Pertusis in Children 0-5 Years of Age to Total Reported Childhood Diseases 0-5 Years,% Tetanus Neonatorum in Children 0-5 Years of Age to Total Reported Childhood Diseases 0-5 Years,% Tetanus Others in Children 0-5 Years of Age to Total Reported Childhood Diseases 0-5 Years,% Polio in Children 0-5 Years of Age to Total Reported Childhood Diseases 0-5 Years,% Measles in Children 0-5 Years of Age to Total Reported Childhood Diseases 0-5 Years,% Diarrhoea and dehydration in Children 0-5 Years of Age to Total Reported Childhood Diseases 0-5 Years,% Malaria in Children 0-5 Years of Age to Total Reported Childhood Diseases 0-5 Years,% Adult Female Inpatients to Total Adult Inpatient,% Children Inpatient to Total Inpatient,% Female Inpatient Deaths to Total Inpatient Deaths,% Inpatient Deaths to Total IPD,IPD (Number),OPD (Number),% IPD to OPD,Number of Major Operations,Number of Minor Operations,% Major Operations to Total Operation,Number of Hysterectomy Surgeries,% Hysterectomy Surgeries to Total Major Operations,Ayush OPD (Number),% AYUSH OPD to Total OPD,Dental OPD (Number),% Dental OPD to Total OPD,Adolescent counselled (Number),% Hb < 7 mg to Total Hb Tests Conducted,% Male HIV Positive to Total Males Tested,% Female HIV Positive to Total Females Tested,% Total HIV Positive to Total Tested ( Male + Female),% Plasmodium Vivax test positive to Total Blood Smears Examined,% Plasmodium Falciparum test positive to Total Blood Smears Examined,Total Number of Infant Deaths reported,% Deaths due to Sepsis to Total Reported Infant Deaths,% Deaths due to Asphyxia to Total Reported Infant Deaths,% Deaths due to LBW to Total Reported Infant Deaths,% Deaths due to Pneumonia to Total Reported Infant Deaths,% Deaths due to Diarrhoea to Total Reported Infant Deaths,% Deaths due to Fever to Total Reported Infant Deaths,% Deaths due to Measles to Total Reported Infant Deaths,% Deaths due to Other Causes to Total Reported Infant Deaths,2009-10,2008-09,2009-10.1,2008-09.1,2009-10.2,2008-09.2,2009-10.3,2008-09.3,2009-10.4,2008-09.4,2009-10.5,2008-09.5,2009-10.6,2008-09.6,2009-10.7,2008-09.7,2009-10.8,2008-09.8,2009-10.9,2008-09.9,2009-10.10,2008-09.10,2009-10.11,2008-09.11,2009-10.12,2008-09.12,2009-10.13,2008-09.13,2009-10.14,2008-09.14,2009-10.15,2008-09.15,2009-10.16,2008-09.16,2009-10.17,2008-09.17,2009-10.18,2008-09.18,2009-10.19,2008-09.19,2009-10.20,2008-09.20,2009-10.21,2008-09.21,2009-10.22,2008-09.22,2009-10.23,2008-09.23,2009-10.24,2008-09.24,2009-10.25,2008-09.25,2009-10.26,2008-09.26,2009-10.27,2008-09.27,2009-10.28,2008-09.28,2009-10.29,2008-09.29,2009-10.30,2008-09.30,2009-10.31,2008-09.31,2009-10.32,2008-09.32,2009-10.33,2008-09.33,2009-10.34,2008-09.34,2009-10.35,2008-09.35,2009-10.36,2008-09.36,2009-10.37,2008-09.37,2009-10.38,2008-09.38,2009-10.39,2008-09.39,2009-10.40,2008-09.40,2009-10.41,2008-09.41,2009-10.42,2008-09.42,2009-10.43,2008-09.43,2009-10.44,2008-09.44,2009-10.45,2008-09.45,2009-10.46,2008-09.46,2009-10.47,2008-09.47,2009-10.48,2008-09.48,2009-10.49,2008-09.49,2009-10.50,2008-09.50,2009-10.51,2008-09.51,2009-10.52,2008-09.52,2009-10.53,2008-09.53,2009-10.54,2008-09.54,2009-10.55,2008-09.55,2009-10.56,2008-09.56,2009-10.57,2008-09.57,2009-10.58,2008-09.58,2009-10.59,2008-09.59,2009-10.60,2008-09.60,2009-10.61,2008-09.61,2009-10.62,2008-09.62,2009-10.63,2008-09.63,2009-10.64,2008-09.64,2009-10.65,2008-09.65,2009-10.66,2008-09.66,2009-10.67,2008-09.67,2009-10.68,2008-09.68,2009-10.69,2008-09.69,2009-10.70,2008-09.70,2009-10.71,2008-09.71,2009-10.72,2008-09.72,2009-10.73,2008-09.73,2009-10.74,2008-09.74,2009-10.75,2008-09.75,2009-10.76,2008-09.76,2009-10.77,2008-09.77,2009-10.78,2008-09.78,2009-10.79,2008-09.79,2009-10.80,2008-09.80,2009-10.81,2008-09.81,2009-10.82,2008-09.82,2009-10.83,2008-09.83,2009-10.84,2008-09.84,2009-10.85,2008-09.85,2009-10.86,2008-09.86,2009-10.87,2008-09.87,2009-10.88,2008-09.88,2009-10.89,2008-09.89,2009-10.90,2008-09.90,2009-10.91,2008-09.91,2009-10.92,2008-09.92,2009-10.93,2008-09.93,2009-10.94,2008-09.94,2009-10.95,2008-09.95,2009-10.96,2008-09.96,2009-10.97,2008-09.97,2009-10.98,2008-09.98,2009-10.99,2008-09.99,2009-10.100,2008-09.100,2009-10.101,2008-09.101,2009-10.102,2008-09.102,2009-10.103,2008-09.103,2009-10.104,2008-09.104,2009-10.105,2008-09.105,2009-10.106,2008-09.106,2009-10.107,2008-09.107,2009-10.108,2008-09.108,2009-10.109,2008-09.109,2009-10.110,2008-09.110,2009-10.111,2008-09.111,2009-10.112,2008-09.112,2009-10.113,2008-09.113,2009-10.114,2008-09.114,2009-10.115,2008-09.115,2009-10.116,2008-09.116,2009-10.117,2008-09.117,2009-10.118,2008-09.118,2009-10.119,2008-09.119,2009-10.120,2008-09.120,2009-10.121,2008-09.121,2009-10.122,2008-09.122,2009-10.123,2008-09.123,2009-10.124,2008-09.124,2009-10.125,2008-09.125,2009-10.126,2008-09.126,2009-10.127,2008-09.127,2009-10.128,2008-09.128,2009-10.129,2008-09.129,2009-10.130,2008-09.130,2009-10.131,2008-09.131,2009-10.132,2008-09.132,2009-10.133,2008-09.133,2009-10.134,2008-09.134,2009-10.135,2008-09.135,2009-10.136,2008-09.136,2009-10.137,2008-09.137,2009-10.138,2008-09.138,2009-10.139,2008-09.139,2009-10.140,2008-09.140,2009-10.141,2008-09.141,2009-10.142,2008-09.142,2009-10.143,2008-09.143,2009-10.144,2008-09.144,2009-10.145,2008-09.145,2009-10.146,2008-09.146,2009-10.147,2008-09.147,2009-10.148,2008-09.148,2009-10.149,2008-09.149,2009-10.150,2008-09.150,2009-10.151,2008-09.151,2009-10.152,2008-09.152,2009-10.153,2008-09.153,2009-10.154,2008-09.154,2009-10.155,2008-09.155,2009-10.156,2008-09.156,2009-10.157,2008-09.157,2009-10.158,2008-09.158,2009-10.159,2008-09.159,2009-10.160,2008-09.160,2009-10.161,2008-09.161
0,,_Assam,734711,736696,278232,256621,522790,169420.0,37.9,34.8,71.2,23.0,411191,383289,580859,581456,56.0,52.0,79.1,78.9,625713,529794,85.2,71.9,34214.0,249.0,3019.0,5.0,8.8,2.0,1.4,0.0,114572,146745,25477,35421,89095.0,111324.0,22.2,24.1,212.0,99.0,0.2,0.1,374527,348564,200994,25231.0,53.7,7.2,397110,360399,54.0,48.9,511682,507144,77.6,71.1,82.6,78.0,22.4,28.9,23700.0,21246.0,7871.0,10154.0,8.0,8.7,6.3,6.1,34.9,85.8,94.3,96.7,93.4,65.9,77.4,41.8,5.7,3.3,233918,142253,159619,114718,45.7,28.0,31.2,22.6,489126,487948,95.6,96.2,12919,12205,97.4,97.6,403399,386620,82.5,79.2,45769,47041,11.3,12.2,299304,53723.0,61.2,11.0,22870.0,6144.0,20.0,4.2,885,927,8.0,7.5,11.3,0.8,35.4,3566.7,10.4,2.0,0.4,0.0,53501,46778,67070,75811,125.4,162.1,89.5,83.1,10.5,16.9,95.7,97.4,4.3,2.6,9.1,10.3,5.8,1.5,13898.0,1166.0,66710.0,49159.0,80608.0,50325.0,17.2,2.3,82.8,97.7,37001.0,11072.0,19721.0,11578.0,19298.0,10427.0,2469.0,8072.0,112.0,6.0,45.9,22.0,24.5,23.0,23.9,20.7,3.1,16.0,2.6,18.2,92.6,90.2,2.2,2.1,5.2,7.7,97.3,80.7,91.4,80.1,93.4,89.7,2.0,3.0,34925,29721,413.0,319.0,35338,30040,,,0.0,0.0,0.0,0.0,30.5,37.4,793295,567450,3127400,2049399,9211.0,5637.0,154014.0,98395.0,664421,704100,31.5,20.2,135.8,144.3,625926,698228,616770,654859,603341,621197,,,,,,,582558,572867,119.1,117.4,564782,531357,12.3,18.6,536891,549340,109.8,112.6,37.1,0.0,2903.0,4009.0,96.6,93.1,80.0,83.1,0.0,0.0,0.0,0.0,0.0,0.0,0.0,0.0,0.0,0.0,6.5,5.1,85.6,83.0,7.9,11.9,60.5,51.1,12.3,1.3,39.2,19.5,1.2,2.3,490248.0,61254.0,11599103.0,3215315.0,4.2,1.9,15294.0,2262.0,14054.0,261.0,52.1,89.7,,,0.0,0.0,40140.0,788.0,0.3,0.0,39687.0,1675.0,0.3,0.1,1536.0,,9.8,25.2,0.4,0.5,0.1,0.0,0.2,0.2,1.6,5.3,1.6,2.0,1830.0,1189.0,3.7,1.9,6.8,0.1,8.3,0.1,7.1,1.1,0.7,0.0,2.8,0.0,0.4,0.0,70.3,96.8,,,,,,,,,,,,,,,,,,,,,,,,,,,,,,,,,,,,,,,,,,,,,,,,,,,,,,,,,,,,,,,,,,,,,,,,,,,,,,,,,,,,,,,,,,,,,,,,,,,,,,,,,,,,,,,,,,,,,,,,,,,,,,,,,,,,,,,,,,,,,,,,,,,,,,,,,,,,,,,,,,,,,,,,,,,,,,,,,,,,,,,,,,,,,,,,,,,,,,,,,,,,,,,,,,,,,,,,,,,,,,,,,,,,,,,,,,,,,,,,,,,,,,,,,,,,,,,,,,,,,,,,,,,,,,,,,,,,,,,,,,,,,,,,,,,,,,,,,,,,,,,,,,,,,,,,,,,,,,,,,,,
1,1.0,Baksa,19998,17901,7555,5378,5615,,37.8,30.0,28.1,0.0,10656,7737,15158,12664,53.3,43.2,75.8,70.7,14818,10243,74.1,57.2,207.0,,7.0,,3.4,,0.6,0.0,2194,2290,540,1093,1654.0,1197.0,24.6,47.7,,,0.0,0.0,9196,8636,2303,,25.0,0.0,9196,8636,46.0,48.2,11390,10926,80.7,79.0,85.5,89.0,19.3,21.0,,,,19.0,0.0,0.2,0.0,0.0,,,100.0,100.0,42.0,11.9,37.3,0.0,0.0,0.0,3213,1318,3227,3146,28.2,12.1,28.3,28.8,11325,10928,99.4,100.0,195,148,98.3,98.7,8855,9095,78.2,83.2,937,343,10.6,3.8,4718,,41.7,0.0,440.0,,20.1,0.0,883,1029,2.9,3.6,21.0,0.0,47.9,,0.0,0.0,0.1,0.0,136,61,485,366,356.6,600.0,65.2,62.8,34.8,37.2,96.2,100.0,3.8,0.0,2.4,2.0,0.0,0.0,,,602.0,2.0,602.0,2.0,0.0,0.0,100.0,100.0,345.0,,139.0,,1.0,,117.0,,,,57.3,0.0,23.1,0.0,0.2,0.0,19.4,0.0,0.0,100.0,99.8,0.0,0.0,100.0,0.2,0.0,100.0,,,0.0,100.0,,,,972,1466,,,972,1466,,,0.0,0.0,0.0,0.0,61.8,99.9,22766,21103,40198,59209,601.0,76.0,2940.0,273.0,16795,15636,26.0,2.5,148.3,143.1,17528,16242,16825,15106,16119,14588,,,,,,,15338,12559,135.4,114.9,14784,11712,8.7,19.7,15145,14087,133.7,128.9,29.2,0.0,103.0,80.0,98.2,,97.0,,0.0,0.0,0.0,0.0,0.0,0.0,0.0,0.0,0.0,0.0,14.8,12.0,75.4,67.1,9.8,20.9,66.7,,5.0,,50.0,,0.2,,3134.0,,173575.0,,1.8,,,,18.0,,0.0,,,,,,404.0,,0.2,,115.0,,0.1,,2.0,,15.9,,0.0,,0.0,,0.0,,1.3,,1.7,,11.0,,0.0,,9.1,,0.0,,9.1,,0.0,,36.4,,0.0,,45.5,,,,,,,,,,,,,,,,,,,,,,,,,,,,,,,,,,,,,,,,,,,,,,,,,,,,,,,,,,,,,,,,,,,,,,,,,,,,,,,,,,,,,,,,,,,,,,,,,,,,,,,,,,,,,,,,,,,,,,,,,,,,,,,,,,,,,,,,,,,,,,,,,,,,,,,,,,,,,,,,,,,,,,,,,,,,,,,,,,,,,,,,,,,,,,,,,,,,,,,,,,,,,,,,,,,,,,,,,,,,,,,,,,,,,,,,,,,,,,,,,,,,,,,,,,,,,,,,,,,,,,,,,,,,,,,,,,,,,,,,,,,,,,,,,,,,,,,,,,,,,,,,,,,,,,,,,,,,,,,,,,,,
2,2.0,Barpeta,42249,43322,13413,13770,42249,,31.7,31.8,100.0,0.0,24980,26502,32648,31688,59.1,61.2,77.3,73.1,42083,38979,99.6,90.0,1214.0,,9.0,,0.7,,1.4,0.0,12360,15004,1803,3301,10557.0,11703.0,14.6,22.0,8.0,,0.1,0.0,17638,15360,6636,,37.6,0.0,17992,15779,42.6,36.4,30352,30783,59.3,51.3,65.2,62.0,40.7,48.7,673.0,511.0,244.0,207.0,5.1,4.6,3.8,3.3,68.9,49.4,98.0,97.3,97.2,95.0,81.1,82.5,2.0,2.7,18060,13431,13647,9360,59.5,43.6,45.0,30.4,29658,30148,97.7,97.9,721,654,97.6,97.9,24519,21662,82.7,71.9,2851,2458,11.6,11.3,14582,,49.2,0.0,3433.0,,27.8,0.0,917,889,8.9,6.7,12.1,0.0,33.2,,0.9,0.0,0.1,0.0,1069,396,744,149,69.6,37.6,95.6,100.0,4.4,0.0,100.0,100.0,0.0,0.0,1.8,0.3,0.0,0.0,1022.0,87.0,3656.0,3517.0,4678.0,3604.0,21.8,2.4,78.2,97.6,2055.0,84.0,1092.0,2216.0,1531.0,1266.0,,38.0,,,43.9,2.3,23.3,61.5,32.7,35.1,0.0,1.1,0.0,0.0,93.6,95.9,0.3,0.1,6.1,4.0,100.0,100.0,100.0,100.0,100.0,100.0,,2.0,929,218,,,929,218,,,0.0,0.0,0.0,0.0,16.6,5.7,64698,37712,191819,35836,,,14983.0,12083.0,38391,31601,50.5,40.1,129.4,104.8,35580,33643,34391,32436,32854,31809,,,,,,,31976,29463,107.8,97.7,30685,28020,16.7,6.8,30787,22477,103.8,74.6,24.4,0.0,475.0,242.0,95.3,,45.8,,0.0,0.0,0.0,0.0,0.0,0.0,0.0,0.0,0.0,0.0,15.4,11.2,83.6,85.3,0.9,3.5,65.6,,7.9,,45.7,,1.8,,7595.0,,876079.0,,0.9,,296.0,,909.0,,24.6,,,,0.0,,16.0,,0.0,,436.0,,0.0,,21.0,,4.0,,0.5,,0.1,,0.1,,0.4,,0.2,,3.0,,0.0,,0.0,,0.0,,33.3,,0.0,,0.0,,0.0,,66.7,,,,,,,,,,,,,,,,,,,,,,,,,,,,,,,,,,,,,,,,,,,,,,,,,,,,,,,,,,,,,,,,,,,,,,,,,,,,,,,,,,,,,,,,,,,,,,,,,,,,,,,,,,,,,,,,,,,,,,,,,,,,,,,,,,,,,,,,,,,,,,,,,,,,,,,,,,,,,,,,,,,,,,,,,,,,,,,,,,,,,,,,,,,,,,,,,,,,,,,,,,,,,,,,,,,,,,,,,,,,,,,,,,,,,,,,,,,,,,,,,,,,,,,,,,,,,,,,,,,,,,,,,,,,,,,,,,,,,,,,,,,,,,,,,,,,,,,,,,,,,,,,,,,,,,,,,,,,,,,,,,,,
3,3.0,Bongaigaon,15964,14021,4611,3901,14858,,28.9,27.8,93.1,0.0,9457,6427,13616,12265,59.2,45.8,85.3,87.5,11579,9649,72.5,68.8,536.0,,17.0,,3.2,,1.3,0.0,4927,5611,287,88,4640.0,5523.0,5.8,1.6,,,0.0,0.0,7320,5564,4117,,56.2,0.0,7320,5564,45.9,39.7,12247,11175,59.8,49.8,62.1,50.6,40.2,50.2,488.0,500.0,,66.0,6.7,10.2,6.7,9.0,,,100.0,100.0,99.5,97.8,86.8,80.8,0.0,0.0,5080,3570,4257,2572,41.5,31.9,34.8,23.0,11926,10876,97.4,97.3,354,315,97.1,97.2,9543,6692,80.0,61.5,1219,988,12.8,14.8,6610,,55.4,0.0,1211.0,,24.6,0.0,882,902,8.0,10.2,20.9,0.0,58.1,,2.1,0.0,0.3,0.0,2215,1967,1998,1789,90.2,91.0,100.0,99.1,0.0,0.9,100.0,100.0,0.0,0.0,12.5,12.8,0.0,0.0,164.0,,455.0,405.0,619.0,405.0,26.5,0.0,73.5,100.0,255.0,,256.0,315.0,108.0,90.0,,,,,41.2,0.0,41.4,77.8,17.4,22.2,0.0,0.0,0.0,0.0,77.4,77.8,2.9,0.0,19.8,22.2,100.0,100.0,100.0,,100.0,100.0,,1.0,315,392,,,315,392,,,0.0,0.0,0.0,0.0,33.7,49.2,18292,7694,83079,25472,,,2254.0,2038.0,15428,13747,18.9,18.7,129.4,126.4,15073,14849,14790,13657,14517,13135,,,,,,,13840,11871,116.0,109.1,13265,10352,10.3,13.6,13324,10561,111.7,97.1,27.5,0.0,56.0,25.0,98.9,98.6,51.7,0.0,0.0,0.0,0.0,0.0,0.0,0.0,0.0,0.0,0.0,0.0,5.5,8.1,92.3,82.8,2.2,9.1,57.7,,11.2,,40.7,,0.5,,17268.0,,628004.0,467075.0,2.7,0.0,894.0,1274.0,398.0,,69.2,100.0,,,0.0,0.0,168.0,,0.0,0.0,2549.0,613.0,0.4,0.1,43.0,,7.3,,1.1,,0.0,,0.1,,0.1,0.1,0.8,0.8,163.0,250.0,0.0,0.0,4.8,0.0,1.6,0.0,12.8,0.0,1.6,0.0,5.6,0.0,0.0,0.0,73.6,100.0,,,,,,,,,,,,,,,,,,,,,,,,,,,,,,,,,,,,,,,,,,,,,,,,,,,,,,,,,,,,,,,,,,,,,,,,,,,,,,,,,,,,,,,,,,,,,,,,,,,,,,,,,,,,,,,,,,,,,,,,,,,,,,,,,,,,,,,,,,,,,,,,,,,,,,,,,,,,,,,,,,,,,,,,,,,,,,,,,,,,,,,,,,,,,,,,,,,,,,,,,,,,,,,,,,,,,,,,,,,,,,,,,,,,,,,,,,,,,,,,,,,,,,,,,,,,,,,,,,,,,,,,,,,,,,,,,,,,,,,,,,,,,,,,,,,,,,,,,,,,,,,,,,,,,,,,,,,,,,,,,,,
4,4.0,Cachar,46083,43447,12226,11441,31775,,26.5,26.3,69.0,0.0,23572,24309,34405,32833,51.2,56.0,74.7,75.6,34229,20627,74.3,47.5,1445.0,,,,0.0,,2.9,0.0,9428,14676,1626,3531,7802.0,11145.0,17.2,24.1,,,0.0,0.0,24460,19394,18800,,76.9,0.0,27680,22166,60.1,51.0,37108,36842,74.6,60.2,79.0,69.7,25.4,39.8,2711.0,1732.0,444.0,1151.0,11.4,13.0,11.1,8.9,13.8,41.5,88.4,87.5,95.6,98.9,74.2,74.9,11.6,12.5,19396,9861,14129,9546,52.3,26.8,38.1,25.9,27662,35659,74.5,96.8,1750,1233,94.1,96.7,20492,27586,74.1,77.4,3617,3580,17.7,13.0,19556,,70.7,0.0,1084.0,,11.5,0.0,893,956,1.1,3.1,1.6,0.0,0.4,,0.0,0.0,0.1,0.0,564,355,1526,2661,270.6,749.6,93.1,82.5,6.9,17.5,94.6,100.0,5.4,0.0,3.3,6.1,0.0,0.0,931.0,,3773.0,2821.0,4704.0,2821.0,19.8,0.0,80.2,100.0,3551.0,1556.0,,184.0,952.0,406.0,187.0,671.0,,,75.5,55.2,0.0,6.5,20.2,14.4,4.0,23.8,0.3,0.1,96.0,92.3,0.0,0.0,4.0,7.7,100.0,100.0,,,90.7,98.2,,,2479,1476,23.0,,2502,1476,,,0.0,0.0,0.0,0.0,34.7,34.3,48402,36040,387759,190430,275.0,256.0,11922.0,888.0,39931,42209,43.1,2.5,144.4,118.4,37229,40118,37577,36635,35969,34710,,,,,,,33660,33075,121.7,92.8,32333,29964,15.7,21.6,27754,36464,100.3,102.3,28.0,0.0,2012.0,3440.0,97.7,,81.1,,0.0,0.0,0.0,0.0,0.0,0.0,0.0,0.0,0.0,0.0,9.1,9.8,85.8,82.4,5.1,7.9,63.3,50.2,2.7,0.0,60.7,,0.0,0.0,58384.0,52614.0,590086.0,499223.0,9.9,10.5,50.0,,149.0,,25.1,,,,0.0,,,,0.0,0.0,,,0.0,0.0,,,15.2,,0.0,,0.0,,0.0,,0.6,,1.4,,150.0,,0.0,,0.0,,0.0,,0.0,,0.0,,0.0,,0.0,,100.0,,,,,,,,,,,,,,,,,,,,,,,,,,,,,,,,,,,,,,,,,,,,,,,,,,,,,,,,,,,,,,,,,,,,,,,,,,,,,,,,,,,,,,,,,,,,,,,,,,,,,,,,,,,,,,,,,,,,,,,,,,,,,,,,,,,,,,,,,,,,,,,,,,,,,,,,,,,,,,,,,,,,,,,,,,,,,,,,,,,,,,,,,,,,,,,,,,,,,,,,,,,,,,,,,,,,,,,,,,,,,,,,,,,,,,,,,,,,,,,,,,,,,,,,,,,,,,,,,,,,,,,,,,,,,,,,,,,,,,,,,,,,,,,,,,,,,,,,,,,,,,,,,,,,,,,,,,,,,,,,,,,,
5,5.0,Chirang,10290,8191,3654,4747,2874,,35.5,58.0,27.9,0.0,4295,4640,8370,6649,41.7,56.6,81.3,81.2,7837,4729,76.2,57.7,82.0,,34.0,,41.5,,0.3,0.0,1471,1311,189,210,1282.0,1101.0,12.8,16.0,,,0.0,0.0,4917,4897,1867,,38.0,0.0,4917,4897,47.8,59.8,6388,6208,77.0,78.9,79.9,82.3,23.0,21.1,,,,,0.0,0.0,0.0,0.0,,,100.0,100.0,80.6,0.0,27.3,0.0,0.0,0.0,924,277,682,584,14.5,4.5,10.7,9.4,6308,6134,98.7,98.8,77,86,98.8,98.6,3232,2980,51.2,48.6,425,436,13.1,14.6,1796,,28.5,0.0,325.0,,22.1,0.0,942,794,0.0,0.0,,0.0,170.4,,,0.0,0.0,0.0,106,23,2,7,1.9,30.4,100.0,85.7,0.0,14.3,100.0,100.0,0.0,0.0,0.0,0.1,0.0,0.0,,,,,,,,,,,,,,,,,,,,,,,,,,,,,,,,,,,,,,,,,,,,,1031,877,,,1031,877,,,0.0,0.0,0.0,0.0,100.0,100.0,10748,5875,46740,5440,,226.0,858.0,19.0,9174,6873,13.6,0.3,145.4,112.0,9267,6547,8908,5990,8550,5621,,,,,,,7862,4474,124.6,72.9,7238,3979,14.3,34.9,7458,3326,118.2,54.2,27.4,0.0,,3.0,90.7,,74.8,,0.0,0.0,0.0,0.0,0.0,0.0,0.0,0.0,0.0,0.0,3.0,3.0,73.4,72.7,23.6,24.3,75.7,,13.4,,76.9,,4.3,,299.0,,42118.0,,0.7,,,,,,,,,,,,,,0.0,,,,0.0,,,,100.0,,,,,,,,3.5,,11.8,,35.0,,0.0,,0.0,,13.8,,0.0,,0.0,,0.0,,0.0,,86.2,,,,,,,,,,,,,,,,,,,,,,,,,,,,,,,,,,,,,,,,,,,,,,,,,,,,,,,,,,,,,,,,,,,,,,,,,,,,,,,,,,,,,,,,,,,,,,,,,,,,,,,,,,,,,,,,,,,,,,,,,,,,,,,,,,,,,,,,,,,,,,,,,,,,,,,,,,,,,,,,,,,,,,,,,,,,,,,,,,,,,,,,,,,,,,,,,,,,,,,,,,,,,,,,,,,,,,,,,,,,,,,,,,,,,,,,,,,,,,,,,,,,,,,,,,,,,,,,,,,,,,,,,,,,,,,,,,,,,,,,,,,,,,,,,,,,,,,,,,,,,,,,,,,,,,,,,,,,,,,,,,,,
6,6.0,Darrang,24336,27994,11719,11176,24336,27994.0,48.2,39.9,100.0,100.0,14468,11493,19323,18735,59.5,41.1,79.4,66.9,19327,13732,79.4,49.1,1107.0,,241.0,,21.8,,1.2,0.0,4976,5021,270,1183,4706.0,3838.0,5.4,23.6,44.0,41.0,0.9,0.8,9918,8675,8542,,86.1,0.0,10295,9026,42.3,32.2,15271,14047,67.4,64.3,69.2,72.7,32.6,35.7,306.0,281.0,236.0,219.0,5.3,5.5,3.1,3.2,62.6,62.4,96.3,96.1,98.9,95.2,66.3,87.1,3.7,3.9,9785,7378,7516,5359,64.1,52.5,49.2,38.2,14996,13700,98.2,97.5,351,381,97.7,97.3,10765,10414,71.8,76.0,1730,1507,16.1,14.5,7376,,49.2,0.0,1736.0,557.0,34.9,11.1,923,947,5.5,2.3,18.3,0.0,36.3,,63.7,0.0,0.4,0.0,4765,5316,4567,5188,95.8,97.6,81.2,72.4,18.8,27.6,100.0,100.0,0.0,0.0,18.8,18.5,0.0,0.0,757.0,277.0,2264.0,3569.0,3021.0,3846.0,25.1,7.2,74.9,92.8,728.0,720.0,1780.0,1178.0,487.0,899.0,26.0,1049.0,,,24.1,18.7,58.9,30.6,16.1,23.4,0.9,27.3,0.0,0.0,98.0,99.7,0.0,0.0,2.0,0.3,100.0,100.0,100.0,,100.0,100.0,,,957,187,,,957,187,,,0.0,0.0,0.0,0.0,24.1,4.6,22405,16590,84236,27277,,124.0,7341.0,3368.0,23576,26363,49.0,24.6,157.2,192.4,20757,24065,20280,22731,20205,20990,,,,,,,19353,20391,129.1,148.8,19043,19228,17.9,22.7,16998,17392,113.4,126.9,40.4,0.0,1.0,3.0,98.5,88.9,90.0,88.0,0.0,0.0,0.0,0.0,0.1,0.1,0.0,0.0,0.0,0.0,3.3,2.6,96.1,95.6,0.5,1.6,52.0,,10.0,,44.1,,1.6,,15372.0,,417150.0,257941.0,3.7,0.0,339.0,,178.0,,65.6,,,,0.0,,3676.0,,0.9,0.0,1164.0,,0.3,0.0,,,20.2,,0.0,,0.0,,0.0,,0.5,,0.1,,30.0,,3.3,,10.0,,13.3,,3.3,,10.0,,3.3,,0.0,,56.7,,,,,,,,,,,,,,,,,,,,,,,,,,,,,,,,,,,,,,,,,,,,,,,,,,,,,,,,,,,,,,,,,,,,,,,,,,,,,,,,,,,,,,,,,,,,,,,,,,,,,,,,,,,,,,,,,,,,,,,,,,,,,,,,,,,,,,,,,,,,,,,,,,,,,,,,,,,,,,,,,,,,,,,,,,,,,,,,,,,,,,,,,,,,,,,,,,,,,,,,,,,,,,,,,,,,,,,,,,,,,,,,,,,,,,,,,,,,,,,,,,,,,,,,,,,,,,,,,,,,,,,,,,,,,,,,,,,,,,,,,,,,,,,,,,,,,,,,,,,,,,,,,,,,,,,,,,,,,,,,,,,,
7,7.0,Dhemaji,15812,16895,8037,6384,13544,,50.8,37.8,85.7,0.0,11537,8100,13357,13265,73.0,47.9,84.5,78.5,14870,5548,94.0,32.8,1642.0,249.0,367.0,5.0,22.4,2.0,0.8,0.0,1264,1998,399,832,865.0,1166.0,31.6,41.6,9.0,5.0,0.7,0.3,12775,10950,11615,1382.0,90.9,12.6,12775,10950,80.8,64.8,14039,12948,91.0,84.6,93.8,91.0,9.0,15.4,855.0,708.0,,,6.7,6.5,6.7,6.5,,,100.0,100.0,98.9,98.5,76.7,0.0,0.0,0.0,8978,6373,4767,4036,64.0,49.2,34.0,31.2,13700,12694,97.6,98.0,387,286,97.3,97.8,12873,11711,94.0,92.3,987,1364,7.7,11.6,12329,1857.0,90.0,14.6,476.0,67.0,37.7,3.4,929,921,9.7,9.9,0.7,0.6,7.2,100.0,27.1,7.1,0.3,0.0,9657,9465,9379,9425,97.1,99.6,98.2,93.6,1.8,6.4,100.0,100.0,0.0,0.0,59.3,55.8,9.8,20.9,256.0,,4250.0,995.0,4506.0,995.0,5.7,0.0,94.3,100.0,2105.0,689.0,1996.0,,237.0,306.0,168.0,,,,46.7,69.2,44.3,0.0,5.3,30.8,3.7,0.0,0.0,0.0,95.6,75.5,3.7,22.8,0.8,1.7,100.0,100.0,100.0,100.0,100.0,100.0,,,1039,571,,,1039,571,,,0.0,0.0,0.0,0.0,18.7,36.5,14671,7514,11965,4087,,,651.0,944.0,15395,16493,4.8,7.4,112.4,129.9,14791,16113,14476,15144,14742,13954,,,,,,,15502,14786,113.2,116.5,15432,14745,-0.7,10.3,15179,13483,110.8,106.2,27.1,0.0,67.0,89.0,99.0,89.0,97.4,38.2,0.0,0.0,0.0,0.0,0.0,0.0,0.0,0.0,0.0,0.0,8.8,5.6,87.2,88.2,4.0,6.3,69.3,66.0,13.8,16.2,41.3,32.3,1.4,0.9,15071.0,3398.0,403970.0,358008.0,3.7,0.9,1473.0,365.0,,3.0,100.0,99.2,,,0.0,0.0,,,0.0,0.0,990.0,,0.2,0.0,,,6.2,46.0,0.0,0.5,0.0,0.0,0.0,0.2,0.3,0.5,0.6,0.5,296.0,92.0,0.4,0.0,12.5,1.3,20.2,1.3,9.6,0.0,0.4,0.0,2.9,0.0,0.0,0.0,54.0,97.4,,,,,,,,,,,,,,,,,,,,,,,,,,,,,,,,,,,,,,,,,,,,,,,,,,,,,,,,,,,,,,,,,,,,,,,,,,,,,,,,,,,,,,,,,,,,,,,,,,,,,,,,,,,,,,,,,,,,,,,,,,,,,,,,,,,,,,,,,,,,,,,,,,,,,,,,,,,,,,,,,,,,,,,,,,,,,,,,,,,,,,,,,,,,,,,,,,,,,,,,,,,,,,,,,,,,,,,,,,,,,,,,,,,,,,,,,,,,,,,,,,,,,,,,,,,,,,,,,,,,,,,,,,,,,,,,,,,,,,,,,,,,,,,,,,,,,,,,,,,,,,,,,,,,,,,,,,,,,,,,,,,
8,8.0,Dhubri,53103,43893,13009,8275,19161,,24.5,18.9,36.1,0.0,25095,14816,46118,41529,47.3,33.8,86.8,94.6,40320,33435,75.9,76.2,543.0,,255.0,,47.0,,0.5,0.0,13942,13565,2335,2466,11607.0,11099.0,16.7,18.2,,,0.0,0.0,17027,14143,10551,,62.0,0.0,17027,14143,32.1,32.2,30969,27708,55.0,51.0,62.5,59.9,45.0,49.0,823.0,638.0,,,4.8,4.5,4.8,4.5,,,100.0,100.0,111.6,33.4,97.7,32.5,0.0,0.0,7291,332,4947,346,23.5,1.2,16.0,1.2,30179,27098,97.4,97.8,855,610,97.2,97.8,21971,15802,72.8,58.3,3655,2033,16.6,12.9,14699,,48.7,0.0,4130.0,,29.6,0.0,949,988,10.4,0.0,14.8,0.0,95.6,,6.5,0.0,0.4,0.0,1339,997,2829,2227,211.3,223.4,98.3,100.0,1.7,0.0,100.0,100.0,0.0,0.0,5.3,5.1,0.0,0.0,274.0,,698.0,1525.0,972.0,1525.0,28.2,0.0,71.8,100.0,120.0,,244.0,55.0,608.0,333.0,,1137.0,,,12.3,0.0,25.1,3.6,62.6,21.8,0.0,74.6,0.0,0.0,82.5,95.4,0.0,0.0,17.5,4.6,100.0,100.0,,,100.0,100.0,,,1240,680,,,1240,680,,,0.0,0.0,0.0,0.0,56.1,30.8,45548,33125,236354,167672,,,2441.0,,44478,47107,8.1,0.0,147.4,173.8,45524,48922,43352,44846,41414,39576,,,,,,,39748,36511,131.7,134.7,34754,29328,10.6,22.5,34864,19757,115.5,72.9,53.0,0.0,,,97.5,,77.0,,0.0,0.0,0.0,0.0,0.0,0.0,0.0,0.0,0.0,0.0,3.9,5.7,91.0,92.6,5.1,1.7,58.6,,19.5,,44.9,,2.6,,22198.0,,1163282.0,,1.9,,650.0,,464.0,,58.3,,,,0.0,,1683.0,,0.1,,4095.0,,0.4,,,,3.6,,0.6,,0.0,,0.1,,0.0,,1.1,,186.0,,16.1,,4.8,,5.4,,14.5,,0.5,,3.8,,0.0,,54.8,,,,,,,,,,,,,,,,,,,,,,,,,,,,,,,,,,,,,,,,,,,,,,,,,,,,,,,,,,,,,,,,,,,,,,,,,,,,,,,,,,,,,,,,,,,,,,,,,,,,,,,,,,,,,,,,,,,,,,,,,,,,,,,,,,,,,,,,,,,,,,,,,,,,,,,,,,,,,,,,,,,,,,,,,,,,,,,,,,,,,,,,,,,,,,,,,,,,,,,,,,,,,,,,,,,,,,,,,,,,,,,,,,,,,,,,,,,,,,,,,,,,,,,,,,,,,,,,,,,,,,,,,,,,,,,,,,,,,,,,,,,,,,,,,,,,,,,,,,,,,,,,,,,,,,,,,,,,,,,,,,,,
9,9.0,Dibrugarh,34166,32856,15587,7374,10637,,45.6,22.4,31.1,0.0,17401,10040,24877,27269,50.9,30.6,72.8,83.0,49437,61868,144.7,188.3,5480.0,,277.0,,5.1,,3.0,0.0,1807,2846,1265,1650,542.0,1196.0,70.0,58.0,,,0.0,0.0,22924,17670,4374,,19.1,0.0,23331,17670,68.3,53.8,25138,20516,92.8,86.1,97.8,94.2,7.2,13.9,153.0,,30.0,,0.8,0.0,0.7,0.0,7.4,,98.3,100.0,75.0,41.5,26.9,14.6,1.7,0.0,6638,1911,8455,3893,26.4,9.3,33.6,19.0,21247,16561,84.5,80.7,513,296,97.6,98.2,15247,9938,71.8,60.0,1318,1054,8.6,10.6,7578,,35.7,0.0,25.0,,1.4,0.0,889,794,1.8,2.4,0.0,0.0,0.0,,0.0,0.0,0.4,0.0,368,151,3298,2467,896.2,1633.8,87.5,88.8,12.5,11.2,100.0,100.0,0.0,0.0,9.7,7.5,0.0,0.0,960.0,85.0,6312.0,1600.0,7272.0,1685.0,13.2,5.0,86.8,95.0,6139.0,582.0,124.0,85.0,1009.0,502.0,,516.0,,,84.4,34.5,1.7,5.0,13.9,29.8,0.0,30.6,0.0,0.0,92.9,69.4,2.0,0.0,5.1,30.6,100.0,100.0,100.0,,100.0,100.0,,,3189,1446,,,3189,1446,,,0.0,0.0,0.0,0.0,30.5,46.2,35852,16243,121787,26250,522.0,791.0,9318.0,,29082,32515,43.9,0.0,136.9,196.3,26094,29694,25723,28785,25285,28717,,,,,,,25329,27212,119.2,164.3,24200,26825,12.9,16.3,24322,23744,114.5,143.4,41.4,0.0,,,98.7,,90.7,,0.0,0.0,0.0,0.0,0.0,0.0,0.0,0.0,0.0,0.0,5.7,4.2,92.7,95.8,1.6,0.0,67.9,,17.6,,,,0.0,,5899.0,,232091.0,,2.5,,81.0,,177.0,,31.4,,,,0.0,,354.0,,0.2,,448.0,,0.2,,121.0,,15.6,,,,,,,,0.0,,0.1,,18.0,,0.0,,5.9,,41.2,,17.6,,0.0,,0.0,,0.0,,35.3,,,,,,,,,,,,,,,,,,,,,,,,,,,,,,,,,,,,,,,,,,,,,,,,,,,,,,,,,,,,,,,,,,,,,,,,,,,,,,,,,,,,,,,,,,,,,,,,,,,,,,,,,,,,,,,,,,,,,,,,,,,,,,,,,,,,,,,,,,,,,,,,,,,,,,,,,,,,,,,,,,,,,,,,,,,,,,,,,,,,,,,,,,,,,,,,,,,,,,,,,,,,,,,,,,,,,,,,,,,,,,,,,,,,,,,,,,,,,,,,,,,,,,,,,,,,,,,,,,,,,,,,,,,,,,,,,,,,,,,,,,,,,,,,,,,,,,,,,,,,,,,,,,,,,,,,,,,,,,,,,,,,
10,10.0,Goalpara,12764,26759,3983,9401,9011,,31.2,35.1,70.6,0.0,7169,14562,10464,21493,56.2,54.4,82.0,80.3,10067,22123,78.9,82.7,370.0,,4.0,,1.1,,1.3,0.0,2936,6889,443,1033,2493.0,5856.0,15.1,15.0,1.0,6.0,0.0,0.1,6212,9738,2517,,40.5,0.0,6212,9738,48.7,36.4,9148,16627,67.9,58.6,72.7,64.8,32.1,41.4,177.0,252.0,,,2.8,2.6,2.8,2.6,,,100.0,100.0,110.4,98.9,76.4,114.9,0.0,0.0,5411,6386,3536,4875,59.1,38.4,38.7,29.3,9060,16305,99.0,98.1,217,313,97.7,98.1,7456,13433,82.3,82.4,620,752,8.3,5.6,6929,,76.5,0.0,642.0,,21.9,0.0,888,834,7.9,2.4,60.1,0.0,179.3,,1.6,0.0,1.0,0.0,1759,3162,1655,2906,94.1,91.9,72.8,57.5,27.2,42.5,99.8,100.0,0.2,0.0,13.0,10.9,4.2,0.0,195.0,,848.0,179.0,1043.0,179.0,18.7,0.0,81.3,100.0,512.0,,,,517.0,82.0,,97.0,,,49.1,0.0,0.0,0.0,49.6,45.8,0.0,54.2,1.3,0.0,83.4,73.7,4.5,0.0,12.1,26.3,100.0,100.0,100.0,,86.4,100.0,,,839,1365,,,839,1365,,,0.0,0.0,0.0,0.0,44.6,88.4,17676,24057,69968,99152,134.0,,2585.0,3512.0,11255,22014,28.5,21.5,124.2,135.0,10594,23054,9989,21954,9370,20391,,,,,,,8945,19322,98.7,118.5,8520,18018,20.5,12.2,8975,18084,99.1,110.9,21.7,0.0,,,95.5,93.4,87.7,83.2,0.0,0.0,0.0,0.0,0.0,0.0,0.0,0.0,0.0,0.0,2.3,0.6,71.7,72.7,26.0,26.7,58.2,,14.8,,40.0,,2.1,,9246.0,,153786.0,,6.0,,110.0,,872.0,,11.2,,,,0.0,,494.0,,0.3,,1246.0,,0.8,,29.0,,7.1,,0.6,,0.0,,0.1,,0.5,,3.9,,23.0,57.0,0.0,0.0,0.0,0.0,0.0,0.0,0.0,0.0,0.0,0.0,0.0,0.0,0.0,0.0,100.0,100.0,,,,,,,,,,,,,,,,,,,,,,,,,,,,,,,,,,,,,,,,,,,,,,,,,,,,,,,,,,,,,,,,,,,,,,,,,,,,,,,,,,,,,,,,,,,,,,,,,,,,,,,,,,,,,,,,,,,,,,,,,,,,,,,,,,,,,,,,,,,,,,,,,,,,,,,,,,,,,,,,,,,,,,,,,,,,,,,,,,,,,,,,,,,,,,,,,,,,,,,,,,,,,,,,,,,,,,,,,,,,,,,,,,,,,,,,,,,,,,,,,,,,,,,,,,,,,,,,,,,,,,,,,,,,,,,,,,,,,,,,,,,,,,,,,,,,,,,,,,,,,,,,,,,,,,,,,,,,,,,,,,,
11,11.0,Golaghat,20322,18866,9151,7078,19329,18695.0,45.0,37.5,95.1,99.1,13746,12227,16791,17424,67.6,64.8,82.6,92.4,22318,17301,109.8,91.7,2729.0,,36.0,,1.3,,1.0,0.0,1871,3042,116,411,1755.0,2631.0,6.2,13.5,,,0.0,0.0,12364,11818,4017,,32.5,0.0,14495,13928,71.3,73.8,16366,16970,88.6,82.1,89.3,84.5,11.4,17.9,1027.0,699.0,318.0,571.0,9.3,9.1,8.3,5.9,14.9,27.1,85.3,84.9,104.1,106.8,98.3,106.8,14.7,15.1,9943,8058,6325,2747,60.8,47.5,38.6,16.2,15958,16546,97.5,97.5,445,428,97.3,97.5,15337,14876,96.1,89.9,825,441,5.4,3.0,9650,,60.5,0.0,,,0.0,0.0,941,923,13.6,17.2,36.0,0.0,344.9,,44.3,0.0,1.0,0.0,218,437,891,1469,408.7,336.2,67.3,61.5,32.7,38.5,99.8,100.0,0.2,0.0,4.4,7.8,0.3,0.0,232.0,3.0,2997.0,2206.0,3229.0,2209.0,7.2,0.1,92.8,99.9,1657.0,510.0,843.0,,613.0,181.0,97.0,940.0,,,51.3,23.1,26.1,0.0,19.0,8.2,3.0,42.6,0.6,26.2,94.0,91.7,0.0,0.0,6.0,8.3,100.0,75.0,,0.0,89.5,61.2,,,1488,1233,,,1488,1233,,,0.0,0.0,0.0,0.0,31.5,35.8,68605,34073,224244,59812,218.0,148.0,4392.0,,19049,22202,27.5,0.0,119.4,134.2,18604,21555,18584,19506,18723,18839,,,,,,,18406,18047,115.3,109.1,18330,17525,3.4,18.7,18086,16728,113.3,101.1,75.0,0.0,26.0,15.0,97.7,,92.8,,0.0,0.0,0.0,0.0,0.0,0.0,0.0,0.0,0.0,0.0,6.1,4.6,93.3,95.3,0.5,0.1,61.7,,14.6,,49.7,,1.4,,31373.0,,339794.0,,9.2,,619.0,,393.0,,61.2,,,,0.0,,550.0,,0.2,,2738.0,,0.8,,221.0,,3.3,,0.5,,0.6,,0.6,,0.1,,0.4,,18.0,28.0,0.0,64.3,20.0,0.0,40.0,0.0,0.0,35.7,0.0,0.0,0.0,0.0,0.0,0.0,40.0,0.0,,,,,,,,,,,,,,,,,,,,,,,,,,,,,,,,,,,,,,,,,,,,,,,,,,,,,,,,,,,,,,,,,,,,,,,,,,,,,,,,,,,,,,,,,,,,,,,,,,,,,,,,,,,,,,,,,,,,,,,,,,,,,,,,,,,,,,,,,,,,,,,,,,,,,,,,,,,,,,,,,,,,,,,,,,,,,,,,,,,,,,,,,,,,,,,,,,,,,,,,,,,,,,,,,,,,,,,,,,,,,,,,,,,,,,,,,,,,,,,,,,,,,,,,,,,,,,,,,,,,,,,,,,,,,,,,,,,,,,,,,,,,,,,,,,,,,,,,,,,,,,,,,,,,,,,,,,,,,,,,,,,
12,12.0,Hailakandi,17681,17231,3898,3190,16267,2753.0,22.0,18.5,92.0,16.0,10642,8139,16067,13748,60.2,47.2,90.9,79.8,17837,13456,100.9,78.1,568.0,,28.0,,4.9,,1.8,0.0,6832,7236,1024,1202,5808.0,6034.0,15.0,16.6,10.0,,0.1,0.0,7010,5003,4104,,58.5,0.0,7010,5003,39.6,29.0,13842,12239,50.6,40.9,58.0,50.7,49.4,59.1,93.0,70.0,,,1.3,1.4,1.3,1.4,,,100.0,100.0,99.3,27.7,60.4,0.0,0.0,0.0,5972,4052,3772,3746,43.1,33.1,27.3,30.6,13289,11886,96.0,97.1,477,446,96.5,96.4,8264,7521,62.2,63.3,957,988,11.6,13.1,7861,,59.2,0.0,1573.0,4022.0,23.0,55.6,917,921,8.0,9.0,34.7,0.0,61.7,,4.6,0.0,0.1,0.0,343,201,742,950,216.3,472.6,88.0,91.3,12.0,8.7,100.0,100.0,0.0,0.0,4.2,5.5,0.0,0.0,4.0,,1217.0,681.0,1221.0,681.0,0.3,0.0,99.7,100.0,815.0,425.0,152.0,21.0,254.0,156.0,,79.0,,,66.7,62.4,12.4,3.1,20.8,22.9,0.0,11.6,0.0,0.0,100.0,100.0,0.0,0.0,0.0,0.0,100.0,100.0,,,,,1.0,,683,1066,,,683,1066,,,0.0,0.0,0.0,0.0,35.9,61.0,12740,9397,52057,23595,3.0,276.0,1835.0,604.0,16169,16353,13.8,5.1,121.7,137.6,15340,16170,14956,14888,14148,14127,,,,,,,13578,12694,102.2,106.8,12697,11349,16.0,22.4,11894,8145,89.5,68.5,57.7,0.0,23.0,6.0,97.0,95.2,85.7,29.1,0.0,0.0,0.0,0.0,0.0,0.0,0.0,0.0,0.0,0.0,1.1,1.4,96.2,93.7,2.7,4.8,74.5,51.8,15.5,5.0,50.8,,0.7,0.0,27159.0,5242.0,246312.0,64551.0,11.0,8.1,61.0,,16.0,,79.2,,,,0.0,,3339.0,,1.4,0.0,1936.0,,0.8,0.0,,,6.4,,0.0,,0.0,,0.0,,1.0,,4.4,,74.0,,18.3,,28.2,,15.5,,11.3,,1.4,,0.0,,5.6,,19.7,,,,,,,,,,,,,,,,,,,,,,,,,,,,,,,,,,,,,,,,,,,,,,,,,,,,,,,,,,,,,,,,,,,,,,,,,,,,,,,,,,,,,,,,,,,,,,,,,,,,,,,,,,,,,,,,,,,,,,,,,,,,,,,,,,,,,,,,,,,,,,,,,,,,,,,,,,,,,,,,,,,,,,,,,,,,,,,,,,,,,,,,,,,,,,,,,,,,,,,,,,,,,,,,,,,,,,,,,,,,,,,,,,,,,,,,,,,,,,,,,,,,,,,,,,,,,,,,,,,,,,,,,,,,,,,,,,,,,,,,,,,,,,,,,,,,,,,,,,,,,,,,,,,,,,,,,,,,,,,,,,,,
13,13.0,Jorhat,25225,31202,14989,18731,25225,31142.0,59.4,60.0,100.0,99.8,18639,24960,21443,27907,73.9,80.0,85.0,89.4,23371,27224,92.7,87.3,1160.0,,118.0,,10.2,,0.2,0.0,1605,1898,289,1548,1316.0,350.0,18.0,81.6,,,0.0,0.0,13893,14474,3272,,23.6,0.0,13893,14474,55.1,46.4,15498,16372,89.6,88.4,91.5,97.9,10.4,11.6,1402.0,1057.0,,37.0,10.1,7.6,10.1,7.3,,,100.0,100.0,88.1,84.7,79.1,70.5,0.0,0.0,14319,12116,5948,4297,92.4,74.0,38.4,26.2,14176,14368,91.5,87.8,280,296,98.1,98.0,14176,14296,100.0,99.5,494,1149,3.5,8.0,6392,,45.1,0.0,,,0.0,0.0,824,900,13.1,8.8,0.0,0.0,0.0,,0.0,0.0,0.1,0.0,5887,115,6339,6694,107.7,5820.9,95.0,91.9,5.0,8.1,99.4,100.0,0.6,0.0,25.1,21.5,0.0,0.0,409.0,4.0,4364.0,1722.0,4773.0,1726.0,8.6,0.2,91.4,99.8,3079.0,326.0,128.0,87.0,1355.0,529.0,208.0,605.0,3.0,4.0,64.5,18.9,2.7,5.0,28.4,30.6,4.4,35.1,0.1,10.4,98.1,84.3,0.6,10.3,1.3,5.4,100.0,92.4,100.0,91.5,100.0,46.2,,,2191,2715,,6.0,2191,2721,,,0.0,0.0,0.0,0.0,31.5,61.2,31006,31159,247005,185667,83.0,129.0,10100.0,5922.0,22278,26805,71.2,41.2,157.2,186.6,21260,25757,21677,25034,21393,24787,,,,,,,20207,24069,142.5,167.5,19642,23250,9.3,10.2,19041,24057,134.3,167.4,28.0,0.0,2.0,83.0,97.9,92.9,90.3,92.9,0.0,0.0,0.0,0.0,0.0,0.0,0.0,0.0,0.0,0.0,2.5,1.5,96.9,98.1,0.5,0.4,53.8,,12.8,,31.3,,1.6,,20422.0,,661465.0,692256.0,3.1,0.0,3529.0,,6082.0,,36.7,,,,0.0,,4.0,,0.0,0.0,,,0.0,0.0,16.0,,5.0,,0.3,,0.0,,0.1,,0.0,,0.2,,46.0,50.0,5.1,0.0,0.0,0.0,0.0,0.0,0.0,0.0,0.0,0.0,2.6,0.0,0.0,0.0,92.3,100.0,,,,,,,,,,,,,,,,,,,,,,,,,,,,,,,,,,,,,,,,,,,,,,,,,,,,,,,,,,,,,,,,,,,,,,,,,,,,,,,,,,,,,,,,,,,,,,,,,,,,,,,,,,,,,,,,,,,,,,,,,,,,,,,,,,,,,,,,,,,,,,,,,,,,,,,,,,,,,,,,,,,,,,,,,,,,,,,,,,,,,,,,,,,,,,,,,,,,,,,,,,,,,,,,,,,,,,,,,,,,,,,,,,,,,,,,,,,,,,,,,,,,,,,,,,,,,,,,,,,,,,,,,,,,,,,,,,,,,,,,,,,,,,,,,,,,,,,,,,,,,,,,,,,,,,,,,,,,,,,,,,,
14,14.0,Kamrup M,45925,43998,20950,28850,29108,19536.0,45.6,65.6,63.4,44.4,18273,24231,21579,21348,39.8,55.1,47.0,48.5,22668,16281,49.4,37.0,540.0,,171.0,,31.7,,1.8,0.0,184,210,184,210,,,100.0,100.0,,,0.0,0.0,18298,24894,8968,3728.0,49.0,15.0,25095,24894,54.6,56.6,25279,25104,99.3,99.2,100.0,100.0,0.7,0.8,6531.0,5655.0,3967.0,3325.0,41.8,36.1,35.7,22.7,58.4,,72.9,100.0,82.6,71.8,6.4,5.6,27.1,0.0,12742,10200,5907,6240,50.4,40.6,23.4,24.9,24299,24117,96.1,96.1,980,987,96.1,96.1,20714,19117,85.2,79.3,2369,2112,11.4,11.0,18692,20406.0,76.9,84.6,112.0,169.0,60.9,80.5,848,853,21.5,37.8,1.3,2.2,8.8,,5.2,5.0,0.9,0.4,6078,6253,4217,5359,69.4,85.7,88.4,80.1,11.6,19.9,73.6,89.1,26.4,10.9,9.2,12.2,43.2,0.0,394.0,47.0,3792.0,4732.0,4186.0,4779.0,9.4,1.0,90.6,99.0,636.0,194.0,799.0,88.0,254.0,560.0,995.0,918.0,17.0,,15.2,4.1,19.1,1.8,6.1,11.7,23.8,19.2,35.9,63.2,70.2,79.8,17.2,2.7,12.6,17.5,50.1,22.6,94.2,82.5,74.9,91.1,,,1163,1188,231.0,140.0,1394,1328,,,0.0,0.0,0.0,0.0,25.0,21.7,17995,11670,78361,71441,,352.0,4645.0,11994.0,29207,28478,19.1,49.7,120.2,118.1,25299,27909,25665,24562,25976,24008,,,,,,,23616,20892,97.2,86.6,23435,20787,19.1,26.6,18922,15433,77.9,64.0,33.2,0.0,,,99.3,99.8,24.3,12.5,0.0,0.0,0.0,0.0,0.0,0.0,0.0,0.0,0.0,0.0,6.7,3.6,77.0,71.0,16.2,25.5,54.3,,34.0,,0.0,,0.0,,4076.0,,565702.0,,0.7,,519.0,,446.0,,53.8,,,,0.0,,,,0.0,,,,0.0,,24.0,,7.2,,0.0,,0.0,,0.0,,0.2,,0.1,,233.0,483.0,0.0,0.0,0.0,0.0,0.0,0.0,0.0,0.0,0.0,0.0,0.0,0.0,0.0,0.0,100.0,100.0,,,,,,,,,,,,,,,,,,,,,,,,,,,,,,,,,,,,,,,,,,,,,,,,,,,,,,,,,,,,,,,,,,,,,,,,,,,,,,,,,,,,,,,,,,,,,,,,,,,,,,,,,,,,,,,,,,,,,,,,,,,,,,,,,,,,,,,,,,,,,,,,,,,,,,,,,,,,,,,,,,,,,,,,,,,,,,,,,,,,,,,,,,,,,,,,,,,,,,,,,,,,,,,,,,,,,,,,,,,,,,,,,,,,,,,,,,,,,,,,,,,,,,,,,,,,,,,,,,,,,,,,,,,,,,,,,,,,,,,,,,,,,,,,,,,,,,,,,,,,,,,,,,,,,,,,,,,,,,,,,,,
15,15.0,Kamrup R,35937,44607,11387,12950,21269,4569.0,31.7,29.0,59.2,10.2,21270,24117,26438,22936,59.2,54.1,73.6,51.4,27895,10560,77.6,23.7,2968.0,,1.0,,0.0,,1.0,0.0,3401,3333,2464,1643,937.0,1690.0,72.4,49.3,,,0.0,0.0,14550,16608,9745,,67.0,0.0,14550,16608,40.5,37.2,17951,19941,81.1,83.3,94.8,91.5,18.9,16.7,659.0,2935.0,,1600.0,4.5,27.3,4.5,17.7,,,100.0,100.0,97.4,25.9,51.5,24.7,0.0,0.0,8230,3596,7682,6499,45.8,18.0,42.8,32.6,17612,20972,98.1,105.2,209,1120,98.8,94.9,16179,19817,91.9,94.5,2317,3318,14.3,16.7,10989,,62.4,0.0,230.0,,6.8,0.0,894,1177,5.7,17.1,3.0,0.0,7.0,,0.0,0.0,0.9,0.0,187,332,3358,5447,1795.7,1640.7,84.2,72.4,15.8,27.6,100.0,100.0,0.0,0.0,9.3,12.2,0.0,0.0,502.0,54.0,4814.0,4658.0,5316.0,4712.0,9.4,1.1,90.6,98.9,2107.0,273.0,3145.0,1965.0,64.0,,,817.0,,,39.6,5.8,59.2,41.7,1.2,0.0,0.0,17.3,0.0,35.2,90.3,85.1,1.8,2.1,7.9,12.8,100.0,59.0,100.0,100.0,100.0,94.6,,,2146,1525,,64.0,2146,1589,,,0.0,0.0,0.0,0.0,28.8,25.2,60677,32378,223091,139975,2797.0,427.0,6174.0,2882.0,45105,29587,35.1,13.7,256.1,141.1,28888,30377,28585,29697,29328,29082,,,,,,,25754,25411,146.2,121.2,26270,19731,42.9,14.1,26655,22741,151.3,108.4,43.2,0.0,,,94.2,,17.6,,0.0,0.0,0.0,0.0,0.0,0.0,0.0,0.0,0.0,0.0,8.0,3.2,92.0,62.3,0.0,34.5,,,,,,,,,,,,,,,,,,,,,,,,,,,,,,,,,,,,,,,,,,,,,,,,,,,,,,,,,,,,,,,,,,,,,,,,,,,,,,,,,,,,,,,,,,,,,,,,,,,,,,,,,,,,,,,,,,,,,,,,,,,,,,,,,,,,,,,,,,,,,,,,,,,,,,,,,,,,,,,,,,,,,,,,,,,,,,,,,,,,,,,,,,,,,,,,,,,,,,,,,,,,,,,,,,,,,,,,,,,,,,,,,,,,,,,,,,,,,,,,,,,,,,,,,,,,,,,,,,,,,,,,,,,,,,,,,,,,,,,,,,,,,,,,,,,,,,,,,,,,,,,,,,,,,,,,,,,,,,,,,,,,,,,,,,,,,,,,,,,,,,,,,,,,,,,,,,,,,,,,,,,,,,,,,,,,,,,,,,,,,,,,,,,
16,16.0,Karbi Anglong,20505,20284,5026,5828,8058,,24.5,28.7,39.3,0.0,11532,12524,16464,18733,56.2,61.7,80.3,92.4,17968,16865,87.6,83.1,386.0,,44.0,,11.4,,0.3,0.0,3012,4036,1292,2345,1720.0,1691.0,42.9,58.1,,,0.0,0.0,13353,11851,4462,,33.4,0.0,13353,11851,65.1,58.4,16365,15887,81.6,74.6,89.5,89.4,18.4,25.4,484.0,439.0,,,3.6,3.7,3.6,3.7,,,100.0,100.0,99.6,0.0,105.4,0.0,0.0,0.0,4941,2194,4240,2099,30.2,13.8,25.9,13.2,16015,15581,97.9,98.1,360,318,97.8,98.0,14261,12573,89.0,80.7,1635,2666,11.5,21.2,6128,,38.3,0.0,540.0,315.0,17.9,7.8,917,918,5.2,3.8,2.6,0.0,25.4,,8.3,0.0,0.2,0.0,853,154,1114,1520,130.6,987.0,83.3,77.0,16.7,23.0,100.0,100.0,0.0,0.0,5.4,7.5,0.0,0.0,,,1028.0,123.0,1028.0,123.0,0.0,0.0,100.0,100.0,174.0,,770.0,,84.0,123.0,,,,,16.9,0.0,74.9,0.0,8.2,100.0,0.0,0.0,0.0,0.0,91.8,0.0,1.9,38.2,6.2,61.8,100.0,,100.0,100.0,100.0,100.0,,,1649,1826,,,1649,1826,,,0.0,0.0,0.0,0.0,61.6,93.7,24945,20842,184376,141592,,,5216.0,5321.0,18665,23591,32.6,34.2,116.5,151.4,18055,22909,18125,20610,17371,18860,,,,,,,16610,17286,103.7,110.9,15985,16735,11.0,26.7,16467,13686,102.8,87.8,47.4,0.0,37.0,,95.9,,90.2,,0.0,0.0,0.0,0.0,0.0,0.0,0.0,0.0,0.0,0.0,2.6,1.7,69.0,51.9,28.4,46.4,59.2,,13.6,,35.9,,0.9,,13724.0,,384347.0,,3.6,,337.0,,243.0,,58.1,,,,0.0,,3770.0,,1.0,,708.0,,0.2,,300.0,,14.2,,1.9,,0.2,,0.4,,0.8,,7.5,,70.0,27.0,0.0,,22.2,,35.6,,8.9,,4.4,,11.1,,0.0,,17.8,,,,,,,,,,,,,,,,,,,,,,,,,,,,,,,,,,,,,,,,,,,,,,,,,,,,,,,,,,,,,,,,,,,,,,,,,,,,,,,,,,,,,,,,,,,,,,,,,,,,,,,,,,,,,,,,,,,,,,,,,,,,,,,,,,,,,,,,,,,,,,,,,,,,,,,,,,,,,,,,,,,,,,,,,,,,,,,,,,,,,,,,,,,,,,,,,,,,,,,,,,,,,,,,,,,,,,,,,,,,,,,,,,,,,,,,,,,,,,,,,,,,,,,,,,,,,,,,,,,,,,,,,,,,,,,,,,,,,,,,,,,,,,,,,,,,,,,,,,,,,,,,,,,,,,,,,,,,,,,,,,,,
17,17.0,Karimganj,32029,28541,10700,4892,16381,,33.4,17.1,51.1,0.0,18230,13201,26125,22755,56.9,46.3,81.6,79.7,28507,8806,89.0,30.9,965.0,,67.0,,6.9,,3.8,0.0,6081,11306,1930,1814,4151.0,9492.0,31.7,16.0,3.0,2.0,0.0,0.0,11249,7901,6117,,54.4,0.0,11249,7901,35.1,27.7,17330,19207,64.9,41.1,76.0,50.6,35.1,58.9,588.0,156.0,210.0,659.0,7.1,10.3,5.2,2.0,,,100.0,100.0,89.2,87.3,66.9,69.8,0.0,0.0,9009,2629,7241,3488,52.0,13.7,41.8,18.2,18390,18665,106.1,97.2,691,617,96.4,96.8,16095,15850,87.5,84.9,1890,1865,11.7,11.8,12666,,68.9,0.0,534.0,,8.8,0.0,910,892,6.9,0.9,89.8,0.0,57.3,,26.6,0.0,0.4,0.0,371,221,999,1281,269.3,579.6,99.6,92.6,0.4,7.4,100.0,100.0,0.0,0.0,3.1,4.5,0.0,0.0,185.0,,2118.0,1116.0,2303.0,1116.0,8.0,0.0,92.0,100.0,1951.0,884.0,202.0,109.0,121.0,33.0,,,,,84.7,79.2,8.8,9.8,5.3,3.0,0.0,0.0,1.3,8.1,93.9,87.5,0.0,3.0,6.1,9.5,100.0,100.0,,100.0,77.7,15.1,,,996,1161,14.0,29.0,1010,1190,,,0.0,0.0,0.0,0.0,30.5,51.6,29425,15334,149617,118969,1500.0,112.0,8489.0,6055.0,25096,27839,46.2,32.4,136.5,149.2,25142,26862,23913,23577,22460,22199,,,,,,,20570,21790,111.9,116.7,19138,19403,18.0,21.7,16324,64831,88.8,347.3,32.8,0.0,,,94.4,93.3,85.4,159.9,0.0,0.9,0.0,0.0,0.1,0.0,0.0,0.0,0.0,0.0,7.5,6.4,91.2,87.4,1.3,5.3,65.6,,9.9,,47.3,,2.6,,15255.0,,256935.0,,5.9,,402.0,,670.0,,37.5,,,,0.0,,916.0,,0.4,,2001.0,,0.8,,145.0,,11.9,,0.0,,0.0,,0.0,,0.2,,0.9,,2.0,,0.0,,0.0,,0.0,,0.0,,0.0,,0.0,,0.0,,100.0,,,,,,,,,,,,,,,,,,,,,,,,,,,,,,,,,,,,,,,,,,,,,,,,,,,,,,,,,,,,,,,,,,,,,,,,,,,,,,,,,,,,,,,,,,,,,,,,,,,,,,,,,,,,,,,,,,,,,,,,,,,,,,,,,,,,,,,,,,,,,,,,,,,,,,,,,,,,,,,,,,,,,,,,,,,,,,,,,,,,,,,,,,,,,,,,,,,,,,,,,,,,,,,,,,,,,,,,,,,,,,,,,,,,,,,,,,,,,,,,,,,,,,,,,,,,,,,,,,,,,,,,,,,,,,,,,,,,,,,,,,,,,,,,,,,,,,,,,,,,,,,,,,,,,,,,,,,,,,,,,,,,
18,18.0,Kokrajhar,23508,23739,8131,6683,23347,23630.0,34.6,28.2,99.3,99.5,12759,10738,19090,18820,54.3,45.2,81.2,79.3,19532,12769,83.1,53.8,1228.0,,29.0,,2.4,,1.3,0.0,4128,7142,1603,1618,2525.0,5524.0,38.8,22.7,118.0,,2.9,0.0,13382,9656,7803,,58.3,0.0,13382,9656,56.9,40.7,17510,16798,76.4,57.5,85.6,67.1,23.6,42.5,584.0,581.0,,93.0,4.4,7.0,4.4,6.0,,,100.0,100.0,99.8,119.6,86.0,102.0,0.0,0.0,4961,1381,3645,1904,28.3,8.2,20.8,11.3,17184,16638,98.1,99.0,395,331,97.8,98.0,15281,14050,88.9,84.4,2970,3029,19.4,21.6,11501,,66.9,0.0,1276.0,,30.9,0.0,927,957,9.4,4.6,5.8,0.0,24.7,,22.6,0.0,0.3,0.0,570,153,1996,1275,350.2,833.3,66.1,61.1,33.9,38.9,100.0,100.0,0.0,0.0,8.5,5.4,0.0,0.0,104.0,,314.0,873.0,418.0,873.0,24.9,0.0,75.1,100.0,123.0,26.0,77.0,,218.0,108.0,,690.0,,,29.4,3.0,18.4,0.0,52.2,12.4,0.0,79.0,0.0,5.6,43.6,81.8,4.1,0.0,52.2,18.2,100.0,100.0,100.0,,100.0,69.2,1.0,,1579,1775,,23.0,1579,1798,,,0.0,0.0,0.0,0.0,79.1,67.3,24622,15881,71048,91683,465.0,13.0,3414.0,1145.0,19621,28766,19.9,6.9,114.2,172.9,20315,28302,20704,25671,19589,24039,,,,,,,20085,22221,116.9,133.6,19744,20887,-2.4,22.8,17257,26097,100.4,156.9,49.4,0.0,7.0,,98.8,,92.7,,0.0,0.0,0.0,0.0,0.0,0.0,0.0,0.0,0.0,0.0,11.3,9.1,65.8,81.4,22.9,9.5,58.5,,14.2,,47.9,,2.6,,10242.0,,351358.0,71576.0,2.9,0.0,797.0,,70.0,,91.9,,,,0.0,,415.0,,0.1,0.0,2187.0,,0.6,0.0,,,28.4,,0.8,,0.2,,0.4,,2.5,,4.8,,,,,,,,,,,,,,,,,,,,,,,,,,,,,,,,,,,,,,,,,,,,,,,,,,,,,,,,,,,,,,,,,,,,,,,,,,,,,,,,,,,,,,,,,,,,,,,,,,,,,,,,,,,,,,,,,,,,,,,,,,,,,,,,,,,,,,,,,,,,,,,,,,,,,,,,,,,,,,,,,,,,,,,,,,,,,,,,,,,,,,,,,,,,,,,,,,,,,,,,,,,,,,,,,,,,,,,,,,,,,,,,,,,,,,,,,,,,,,,,,,,,,,,,,,,,,,,,,,,,,,,,,,,,,,,,,,,,,,,,,,,,,,,,,,,,,,,,,,,,,,,,,,,,,,,,,,,,,,,,,,,,,,,,,,,,,,,,,,,,,,
19,19.0,Lakhimpur,24432,23481,15404,11234,21640,13565.0,63.0,47.8,88.6,57.8,15107,13565,20067,18808,61.8,57.8,82.1,80.1,24048,23127,98.4,98.5,1183.0,,655.0,,55.4,,1.8,0.0,1334,2391,485,898,849.0,1493.0,36.4,37.6,4.0,3.0,0.3,0.1,16204,15233,14304,15227.0,88.3,100.0,16204,15239,66.3,64.9,17538,17630,92.4,86.4,95.2,91.5,7.6,13.6,1463.0,958.0,,,9.0,6.3,9.0,6.3,,0.0,100.0,100.0,99.1,98.3,81.6,89.8,0.0,0.0,11217,7294,6098,5451,64.0,41.4,34.8,30.9,17377,17490,99.1,99.2,161,134,99.1,99.2,16672,16006,95.9,91.5,1189,2099,7.1,13.1,16699,17332.0,96.1,99.1,458.0,907.0,34.3,37.9,584,869,3.9,2.9,32.7,0.0,45.9,,5.7,0.0,0.0,0.0,4544,6274,4544,6274,100.0,100.0,82.9,64.1,17.1,35.9,100.0,100.0,0.0,0.0,18.6,26.7,0.0,0.0,1119.0,,4232.0,2850.0,5351.0,2850.0,20.9,0.0,79.1,100.0,,265.0,2260.0,1825.0,3091.0,760.0,,,,,0.0,9.3,42.2,64.0,57.8,26.7,0.0,0.0,0.0,0.0,92.2,90.7,0.0,0.0,7.8,9.3,100.0,100.0,,,100.0,100.0,,,794,1287,,,794,1287,,,0.0,0.0,0.0,0.0,12.9,31.1,27577,35297,37830,59470,257.0,,17229.0,16203.0,25518,25266,99.1,92.6,146.8,144.5,25724,24294,25020,24030,24481,22646,,,,,,,24419,20835,140.5,119.1,24419,20835,4.3,17.5,24149,17449,139.0,99.8,66.9,0.0,,,95.7,98.6,94.3,98.6,0.0,0.0,0.0,0.0,0.0,0.0,0.0,0.0,0.0,0.0,12.0,26.0,87.0,63.9,1.0,10.1,56.2,,16.5,,39.2,,0.4,,73556.0,,627819.0,,11.7,,1592.0,623.0,241.0,258.0,86.9,70.7,,,0.0,0.0,2064.0,788.0,0.3,,4356.0,1062.0,0.7,,,,13.8,,0.0,,0.0,,0.0,,1.5,,0.1,,6.0,13.0,,,,,,,,,,,,,,,,,,,,,,,,,,,,,,,,,,,,,,,,,,,,,,,,,,,,,,,,,,,,,,,,,,,,,,,,,,,,,,,,,,,,,,,,,,,,,,,,,,,,,,,,,,,,,,,,,,,,,,,,,,,,,,,,,,,,,,,,,,,,,,,,,,,,,,,,,,,,,,,,,,,,,,,,,,,,,,,,,,,,,,,,,,,,,,,,,,,,,,,,,,,,,,,,,,,,,,,,,,,,,,,,,,,,,,,,,,,,,,,,,,,,,,,,,,,,,,,,,,,,,,,,,,,,,,,,,,,,,,,,,,,,,,,,,,,,,,,,,,,,,,,,,,,,,,,,,,,,,,,,,,,,,,,,,,,,,,,,,,,
20,20.0,Marigaon,21169,19321,8170,8152,9780,4590.0,38.6,42.2,46.2,23.8,12962,10526,17708,17697,61.2,54.5,83.7,91.6,16883,11181,79.8,57.9,921.0,,,,0.0,,1.2,0.0,4485,6655,1683,1392,2802.0,5263.0,37.5,20.9,,,0.0,0.0,13325,10359,9774,4099.0,73.4,39.6,13325,10359,62.9,53.6,17810,17014,74.8,60.9,84.3,69.1,25.2,39.1,551.0,291.0,,,4.1,2.8,4.1,2.8,,,100.0,100.0,94.8,0.0,98.4,0.0,0.0,0.0,7188,4257,6019,4029,40.4,25.0,33.8,23.7,17314,16234,97.2,95.4,496,443,97.2,97.3,12958,11083,74.8,68.3,1684,1471,13.0,13.3,8384,,48.4,0.0,,,0.0,0.0,779,1057,11.9,9.6,0.4,0.0,2.7,,0.0,0.0,1.9,0.0,454,301,906,399,199.6,132.6,89.2,94.5,10.8,5.5,100.0,100.0,0.0,0.0,4.3,2.1,0.0,0.0,817.0,17.0,1897.0,1242.0,2714.0,1259.0,30.1,1.4,69.9,98.6,707.0,17.0,359.0,,1648.0,1242.0,,,,,26.1,1.4,13.2,0.0,60.7,98.6,0.0,0.0,0.0,0.0,98.4,99.6,0.0,0.0,1.6,0.4,100.0,100.0,,,100.0,100.0,,,951,542,,,951,542,,,0.0,0.0,0.0,0.0,25.9,30.1,29578,19317,86143,93037,,,2732.0,625.0,20703,23979,15.8,3.8,119.6,147.7,21170,23850,20604,23061,20519,22333,,,,,,,20204,21352,116.7,131.5,20156,20623,2.4,11.0,18947,20115,109.4,123.9,36.8,0.0,,,99.1,,97.5,,0.0,0.0,0.0,0.0,0.0,0.0,0.0,0.0,0.0,0.0,0.5,0.0,99.0,100.0,0.5,0.0,56.3,,16.4,,,,0.0,,4246.0,,134814.0,,3.1,,525.0,,32.0,,94.3,,,,0.0,,,,0.0,,,,0.0,,,,2.0,,0.3,,0.0,,0.1,,0.1,,0.4,,36.0,,2.9,,22.9,,20.0,,25.7,,0.0,,20.0,,5.7,,2.9,,,,,,,,,,,,,,,,,,,,,,,,,,,,,,,,,,,,,,,,,,,,,,,,,,,,,,,,,,,,,,,,,,,,,,,,,,,,,,,,,,,,,,,,,,,,,,,,,,,,,,,,,,,,,,,,,,,,,,,,,,,,,,,,,,,,,,,,,,,,,,,,,,,,,,,,,,,,,,,,,,,,,,,,,,,,,,,,,,,,,,,,,,,,,,,,,,,,,,,,,,,,,,,,,,,,,,,,,,,,,,,,,,,,,,,,,,,,,,,,,,,,,,,,,,,,,,,,,,,,,,,,,,,,,,,,,,,,,,,,,,,,,,,,,,,,,,,,,,,,,,,,,,,,,,,,,,,,,,,,,,,,
21,21.0,Nagaon,70262,59620,23294,15958,69948,,33.2,26.8,99.6,0.0,35485,29724,59637,55150,50.5,49.9,84.9,92.5,34967,45785,49.8,76.8,,,,,,,0.0,0.0,11306,13586,1910,4113,9396.0,9473.0,16.9,30.3,,,0.0,0.0,36371,34435,11493,,31.6,0.0,36648,34471,52.2,57.8,47954,48057,76.4,71.7,80.4,80.3,23.6,28.3,744.0,703.0,,,2.0,2.0,2.0,2.0,0.0,0.0,99.2,99.9,94.7,0.0,120.3,0.0,0.8,0.1,14563,8917,7211,7886,30.4,18.6,15.0,16.4,46791,42412,97.6,88.3,1175,992,97.6,97.7,37555,31073,80.3,73.3,3766,4005,10.0,12.9,35058,,74.9,0.0,,,0.0,0.0,825,946,0.7,0.8,0.0,0.0,,,0.0,0.0,0.0,0.0,512,1886,3663,4943,715.4,262.1,88.8,91.1,11.2,8.9,100.0,100.0,0.0,0.0,5.2,8.3,0.0,0.0,2212.0,194.0,4416.0,6911.0,6628.0,7105.0,33.4,2.7,66.6,97.3,2472.0,2091.0,2611.0,653.0,1298.0,1101.0,247.0,437.0,,,37.3,29.4,39.4,9.2,19.6,15.5,3.7,6.2,0.0,39.7,98.6,99.7,0.3,0.3,1.1,0.0,100.0,59.0,100.0,100.0,100.0,,,,2492,1745,,,2492,1745,,,0.0,0.0,0.0,0.0,27.3,19.7,2897,4300,3383,17138,,232.0,,397.0,58657,67344,0.0,0.9,125.4,158.8,56556,64302,56677,60514,56530,56861,,,,,,,54904,49803,117.3,117.4,53686,44877,6.4,26.0,49907,46445,106.7,109.5,8.3,0.0,,,98.3,,91.0,,0.0,0.0,0.0,0.0,0.0,0.0,0.0,0.0,0.0,0.0,7.7,7.7,89.8,79.7,2.5,12.6,,,,,,,,,,,,,,,,,,,,,,,,,,,,,,,,,,,,,,,,,,,,,,,174.0,,0.0,,0.0,,0.0,,0.0,,0.0,,0.0,,0.0,,100.0,,,,,,,,,,,,,,,,,,,,,,,,,,,,,,,,,,,,,,,,,,,,,,,,,,,,,,,,,,,,,,,,,,,,,,,,,,,,,,,,,,,,,,,,,,,,,,,,,,,,,,,,,,,,,,,,,,,,,,,,,,,,,,,,,,,,,,,,,,,,,,,,,,,,,,,,,,,,,,,,,,,,,,,,,,,,,,,,,,,,,,,,,,,,,,,,,,,,,,,,,,,,,,,,,,,,,,,,,,,,,,,,,,,,,,,,,,,,,,,,,,,,,,,,,,,,,,,,,,,,,,,,,,,,,,,,,,,,,,,,,,,,,,,,,,,,,,,,,,,,,,,,,,,,,,,,,,,,,,,,,,,,
22,22.0,Nalbari,14587,20745,4805,5646,14458,,32.9,27.2,99.1,0.0,7584,9060,11454,13114,52.0,43.7,78.5,63.2,13179,16864,90.3,81.3,406.0,,29.0,,7.1,,0.6,0.0,1059,1363,214,357,845.0,1006.0,20.2,26.2,1.0,34.0,0.1,2.5,8981,8699,8050,,89.6,0.0,11149,10871,76.4,52.4,12208,12234,91.3,88.9,93.1,91.8,8.7,11.1,336.0,314.0,1079.0,1021.0,12.7,12.3,3.7,3.6,49.8,47.0,80.6,80.0,99.7,99.4,92.4,79.8,19.4,20.0,6443,393,1867,3944,52.8,3.2,15.3,32.2,12044,12046,98.7,98.5,242,260,98.0,97.9,11420,10889,94.8,90.4,1513,1617,13.2,14.8,7322,,60.8,0.0,529.0,,50.0,0.0,954,897,7.9,5.3,31.5,0.0,342.0,,12.4,0.0,0.1,0.0,4959,4852,3337,3234,67.3,66.7,99.6,100.0,0.4,0.0,71.2,70.4,28.8,29.6,22.9,15.6,0.0,0.0,481.0,227.0,1612.0,799.0,2093.0,1026.0,23.0,22.1,77.0,77.9,1103.0,285.0,671.0,403.0,195.0,268.0,,,1.0,2.0,52.7,27.8,32.1,39.3,9.3,26.1,0.0,0.0,5.9,6.8,89.6,88.2,5.5,5.6,4.9,6.1,99.2,98.3,9.1,0.0,60.8,77.6,,,659,287,109.0,45.0,768,332,,,0.0,0.0,0.0,0.0,26.8,24.4,23627,23638,150633,88230,355.0,4.0,7328.0,5376.0,15212,16077,60.8,44.6,126.3,133.5,14258,15703,13839,15295,13420,14345,,,,,,,12928,11761,107.3,97.6,12904,11554,15.0,26.8,10600,11183,88.0,92.8,48.3,0.0,,,93.1,,87.0,,0.0,0.0,0.0,0.0,0.0,0.0,0.0,0.0,0.0,0.0,4.4,2.9,93.1,93.5,2.6,3.7,49.3,,12.5,,47.9,,0.4,,33389.0,,705467.0,,4.7,,546.0,,435.0,,55.7,,,,0.0,,11584.0,,1.6,,3557.0,,0.5,,462.0,,9.9,,0.0,,0.0,,0.0,,0.1,,0.2,,81.0,100.0,0.0,0.0,10.6,0.0,1.5,0.0,9.1,0.0,1.5,0.0,1.5,0.0,0.0,0.0,75.8,100.0,,,,,,,,,,,,,,,,,,,,,,,,,,,,,,,,,,,,,,,,,,,,,,,,,,,,,,,,,,,,,,,,,,,,,,,,,,,,,,,,,,,,,,,,,,,,,,,,,,,,,,,,,,,,,,,,,,,,,,,,,,,,,,,,,,,,,,,,,,,,,,,,,,,,,,,,,,,,,,,,,,,,,,,,,,,,,,,,,,,,,,,,,,,,,,,,,,,,,,,,,,,,,,,,,,,,,,,,,,,,,,,,,,,,,,,,,,,,,,,,,,,,,,,,,,,,,,,,,,,,,,,,,,,,,,,,,,,,,,,,,,,,,,,,,,,,,,,,,,,,,,,,,,,,,,,,,,,,,,,,,,,
23,23.0,North Cachar Hills,4445,4221,1740,1579,2765,,39.1,37.4,62.2,0.0,1661,1334,3287,3442,37.4,31.6,73.9,81.5,3319,3057,74.7,72.4,23.0,,,,0.0,,0.0,0.0,1210,1272,560,811,650.0,461.0,46.3,63.8,,,0.0,0.0,2095,1866,1726,795.0,82.4,42.6,2095,1866,47.1,44.2,3305,3138,63.4,59.5,80.3,85.3,36.6,40.5,196.0,167.0,,,9.4,8.9,9.4,8.9,,,100.0,100.0,94.1,72.7,70.4,43.2,0.0,0.0,1038,174,672,392,31.4,5.5,20.3,12.5,3243,3102,98.1,98.9,62,48,98.1,98.5,2570,2021,79.2,65.2,234,410,9.1,20.3,2605,,80.3,0.0,667.0,107.0,55.1,8.4,1006,977,11.5,12.8,0.0,0.0,,,32.4,0.0,0.2,0.0,65,14,293,459,450.8,3278.6,87.4,85.0,12.6,15.0,100.0,100.0,0.0,0.0,6.6,10.9,0.0,0.0,36.0,2.0,184.0,63.0,220.0,65.0,16.4,3.1,83.6,96.9,27.0,,66.0,,127.0,48.0,,17.0,,,12.3,0.0,30.0,0.0,57.7,73.8,0.0,26.2,0.0,0.0,59.8,6.3,0.0,0.0,40.2,93.7,100.0,100.0,,,100.0,100.0,,,275,350,,,275,350,,,0.0,0.0,0.0,0.0,55.6,84.3,6540,6253,20590,20646,,16.0,2350.0,1199.0,4081,5324,72.5,38.7,125.8,171.6,3957,5233,3767,4174,3428,4064,,,,,,,3123,4224,96.3,136.2,3036,3940,23.5,20.7,2987,3672,92.1,118.4,0.0,0.0,,,90.7,100.0,58.3,61.7,0.0,0.0,0.0,0.0,0.0,0.0,0.0,0.0,0.0,0.0,4.2,3.1,81.9,79.6,13.9,17.4,57.1,,0.0,,32.8,,3.8,,1703.0,,186076.0,53981.0,0.9,0.0,71.0,,767.0,,8.5,,,,0.0,,382.0,,0.2,0.0,92.0,,0.0,0.0,,,26.4,,0.0,,0.0,,0.0,,1.1,,4.0,,,,,,,,,,,,,,,,,,,,,,,,,,,,,,,,,,,,,,,,,,,,,,,,,,,,,,,,,,,,,,,,,,,,,,,,,,,,,,,,,,,,,,,,,,,,,,,,,,,,,,,,,,,,,,,,,,,,,,,,,,,,,,,,,,,,,,,,,,,,,,,,,,,,,,,,,,,,,,,,,,,,,,,,,,,,,,,,,,,,,,,,,,,,,,,,,,,,,,,,,,,,,,,,,,,,,,,,,,,,,,,,,,,,,,,,,,,,,,,,,,,,,,,,,,,,,,,,,,,,,,,,,,,,,,,,,,,,,,,,,,,,,,,,,,,,,,,,,,,,,,,,,,,,,,,,,,,,,,,,,,,,,,,,,,,,,,,,,,,,,,
24,24.0,Sibsagar,22720,23776,7742,10764,20295,22907.0,34.1,45.3,89.3,96.3,14709,13243,19237,22014,64.7,55.7,84.7,92.6,17332,13435,76.3,56.5,985.0,,61.0,,6.2,,2.0,0.0,1303,1400,118,159,1185.0,1241.0,9.1,11.4,,,0.0,0.0,11702,11697,9277,,79.3,0.0,14584,14199,64.2,59.7,15887,15599,91.8,91.0,92.5,92.0,8.2,9.0,854.0,636.0,,,5.9,4.5,7.3,5.4,0.0,0.0,80.2,82.4,120.5,106.1,158.2,0.0,19.8,17.6,7709,6295,3120,2093,48.5,40.4,19.6,13.4,15725,15379,99.0,98.6,162,220,99.0,98.6,14914,14228,94.8,92.5,894,1706,6.0,12.0,14877,14128.0,94.6,91.9,,,0.0,0.0,905,923,24.3,3.9,3.4,0.0,26.2,,12.6,0.0,0.4,0.0,1508,1479,1428,1441,94.7,97.4,98.4,97.0,1.6,3.0,100.0,100.0,0.0,0.0,6.3,6.1,0.0,0.0,375.0,95.0,3637.0,2616.0,4012.0,2711.0,9.3,3.5,90.7,96.5,3144.0,2021.0,8.0,274.0,860.0,416.0,,,,,78.4,74.5,0.2,10.1,21.4,15.3,0.0,0.0,0.0,0.0,96.6,94.4,0.0,0.0,3.4,5.6,100.0,100.0,,,100.0,100.0,,,1016,1003,,,1016,1003,,,0.0,0.0,0.0,0.0,20.2,27.0,25942,22477,101053,110583,29.0,208.0,4764.0,3007.0,23010,26002,30.3,19.6,146.3,169.1,21734,25833,22196,24892,22105,24130,,,,,,,22860,22414,145.4,145.7,22860,20615,0.7,13.8,21730,18157,138.2,118.1,13.5,0.0,,,89.4,,89.4,,0.0,0.0,0.0,0.0,0.0,0.0,0.0,0.0,0.0,0.0,3.6,5.5,96.4,94.5,0.0,0.0,63.5,,6.9,,42.2,,0.5,,43419.0,,699054.0,,6.2,,707.0,,512.0,,58.0,,,,0.0,,5.0,,0.0,,1244.0,,0.2,,71.0,,5.3,,1.0,,0.2,,0.3,,0.0,,0.1,,3.0,15.0,,,,,,,,,,,,,,,,,,,,,,,,,,,,,,,,,,,,,,,,,,,,,,,,,,,,,,,,,,,,,,,,,,,,,,,,,,,,,,,,,,,,,,,,,,,,,,,,,,,,,,,,,,,,,,,,,,,,,,,,,,,,,,,,,,,,,,,,,,,,,,,,,,,,,,,,,,,,,,,,,,,,,,,,,,,,,,,,,,,,,,,,,,,,,,,,,,,,,,,,,,,,,,,,,,,,,,,,,,,,,,,,,,,,,,,,,,,,,,,,,,,,,,,,,,,,,,,,,,,,,,,,,,,,,,,,,,,,,,,,,,,,,,,,,,,,,,,,,,,,,,,,,,,,,,,,,,,,,,,,,,,,,,,,,,,,,,,,,,,
25,25.0,Sonitpur,39232,40445,19873,22382,21956,,50.7,55.3,56.0,0.0,26557,25412,33441,38751,67.7,62.8,85.2,95.8,52639,43348,134.2,107.2,3934.0,,309.0,,7.9,,1.7,0.0,7877,9605,2322,1187,5555.0,8418.0,29.5,12.4,,,0.0,0.0,23467,22640,12200,,52.0,0.0,23808,22640,60.7,56.0,31685,32245,75.1,70.2,82.5,73.9,24.9,29.8,995.0,1080.0,746.0,794.0,7.3,8.3,4.2,4.8,218.8,,98.6,100.0,69.6,84.2,43.5,0.0,1.4,0.0,17343,15423,14695,13522,54.7,47.8,46.4,41.9,31097,31821,98.1,98.7,774,886,97.6,97.3,24178,28657,77.8,90.1,1948,1941,8.1,6.8,16779,,54.0,0.0,2912.0,,37.0,0.0,942,894,7.7,8.6,0.6,0.0,1.7,,3.3,0.0,0.1,0.0,1699,1514,3491,4011,205.5,264.9,92.9,95.1,7.1,4.9,99.9,100.0,0.1,0.0,8.9,9.9,0.0,0.0,1519.0,,1858.0,996.0,3377.0,996.0,45.0,0.0,55.0,100.0,1046.0,,104.0,,1546.0,555.0,424.0,,91.0,,31.0,0.0,3.1,0.0,45.8,55.7,12.6,0.0,7.6,44.3,94.3,83.2,0.0,1.9,5.7,14.9,90.5,48.3,,89.5,100.0,93.2,,,1363,952,,,1363,952,,,0.0,0.0,0.0,0.0,28.8,48.9,66512,55680,134479,105609,595.0,1188.0,6671.0,4649.0,38858,38696,21.5,14.6,125.0,121.6,38611,40529,38337,39640,37275,38548,,,,,,,35448,32563,114.0,102.3,34224,31300,8.8,15.8,36294,33303,116.7,104.7,57.6,0.0,,1.0,99.4,,88.5,,0.0,0.0,0.0,0.0,0.0,0.0,0.0,0.0,0.0,0.0,2.9,2.5,83.1,87.6,14.0,9.9,60.7,,13.4,,40.1,,1.7,,34083.0,,659550.0,,5.2,,326.0,,412.0,,44.2,,,,0.0,,7191.0,,1.1,,3423.0,,0.5,,16.0,,7.9,,0.6,,0.0,,0.2,,0.9,,1.0,,95.0,20.0,9.5,0.0,8.4,0.0,11.6,0.0,15.8,0.0,0.0,0.0,4.2,0.0,0.0,0.0,50.5,100.0,,,,,,,,,,,,,,,,,,,,,,,,,,,,,,,,,,,,,,,,,,,,,,,,,,,,,,,,,,,,,,,,,,,,,,,,,,,,,,,,,,,,,,,,,,,,,,,,,,,,,,,,,,,,,,,,,,,,,,,,,,,,,,,,,,,,,,,,,,,,,,,,,,,,,,,,,,,,,,,,,,,,,,,,,,,,,,,,,,,,,,,,,,,,,,,,,,,,,,,,,,,,,,,,,,,,,,,,,,,,,,,,,,,,,,,,,,,,,,,,,,,,,,,,,,,,,,,,,,,,,,,,,,,,,,,,,,,,,,,,,,,,,,,,,,,,,,,,,,,,,,,,,,,,,,,,,,,,,,,,,,,
26,26.0,Tinsukia,27190,25849,12873,4429,20554,,47.3,17.1,75.6,0.0,15505,12612,21107,17429,57.0,48.8,77.6,67.4,25615,18937,94.2,73.3,2633.0,,190.0,,7.2,,1.3,0.0,1654,1118,50,88,1604.0,1030.0,3.0,7.9,,,0.0,0.0,17318,16723,8125,,46.9,0.0,19637,18190,72.2,70.4,21291,19308,92.2,94.2,92.5,94.7,7.8,5.8,1007.0,883.0,597.0,392.0,8.2,7.0,5.8,5.3,25.7,26.7,88.2,91.9,99.9,95.8,95.9,71.8,11.8,8.1,7820,537,5368,514,36.7,2.8,25.2,2.7,20931,19114,98.3,99.0,367,205,98.3,98.9,18223,16618,87.1,86.9,2390,2675,13.1,16.1,10114,,48.3,0.0,124.0,,7.5,0.0,938,952,9.2,0.0,1.5,,7.5,,0.0,,0.3,0.0,2910,569,2719,3636,93.4,639.0,77.2,77.2,22.8,22.8,100.0,100.0,0.0,0.0,10.0,14.1,82.0,0.0,278.0,1.0,5000.0,2128.0,5278.0,2129.0,5.3,0.0,94.7,100.0,1748.0,51.0,1298.0,1290.0,2120.0,463.0,,61.0,,,33.1,2.4,24.6,60.6,40.2,21.7,0.0,2.9,2.1,12.4,92.9,89.0,4.4,11.0,2.7,0.0,97.8,92.3,96.4,49.6,100.0,,,,1753,1434,36.0,12.0,1789,1446,,,0.0,0.0,0.0,0.0,25.3,40.4,20543,10667,26022,19986,1255.0,1045.0,10739.0,9891.0,26246,26202,51.3,51.7,125.4,137.1,24486,27889,24157,25464,23762,22731,,,,,,,25096,22331,119.9,116.8,25018,21833,4.4,14.8,19829,12663,94.7,66.2,33.7,0.0,,,99.2,,45.2,,0.0,0.0,0.0,0.0,0.0,0.0,0.0,0.0,0.0,0.0,3.5,0.8,94.9,98.3,1.6,0.8,64.3,,14.2,,42.9,,1.1,,18401.0,,593243.0,,3.1,,1370.0,,568.0,,70.7,,,,0.0,,455.0,,0.1,,5679.0,,1.0,,63.0,,20.5,0.0,1.2,0.0,0.1,0.0,0.4,0.0,1.9,1.4,0.5,0.0,,3.0,,0.0,,0.0,,0.0,,0.0,,0.0,,0.0,,0.0,,100.0,,,,,,,,,,,,,,,,,,,,,,,,,,,,,,,,,,,,,,,,,,,,,,,,,,,,,,,,,,,,,,,,,,,,,,,,,,,,,,,,,,,,,,,,,,,,,,,,,,,,,,,,,,,,,,,,,,,,,,,,,,,,,,,,,,,,,,,,,,,,,,,,,,,,,,,,,,,,,,,,,,,,,,,,,,,,,,,,,,,,,,,,,,,,,,,,,,,,,,,,,,,,,,,,,,,,,,,,,,,,,,,,,,,,,,,,,,,,,,,,,,,,,,,,,,,,,,,,,,,,,,,,,,,,,,,,,,,,,,,,,,,,,,,,,,,,,,,,,,,,,,,,,,,,,,,,,,,,,,,,,,,
27,27.0,Udalguri,14777,15491,6305,6428,8350,39.0,42.7,41.5,56.5,0.3,7900,9050,12588,12990,53.5,58.4,85.2,83.9,13068,9865,88.4,63.7,959.0,,70.0,,7.3,,2.2,0.0,1925,1941,76,238,1849.0,1703.0,3.9,12.3,14.0,8.0,0.7,0.4,8578,9680,6235,,72.7,0.0,9888,9680,66.9,62.5,11813,11621,83.7,83.3,84.3,85.3,16.3,16.7,,,,,0.0,0.0,0.0,0.0,0.0,,86.8,100.0,101.4,98.2,93.9,112.6,13.2,0.0,5704,3900,4646,2150,48.3,33.6,39.3,18.5,11620,11474,98.4,98.7,223,152,98.1,98.7,9649,8632,83.0,75.2,1335,1034,13.8,12.0,7414,,63.8,0.0,413.0,,21.5,0.0,960,908,2.8,1.7,16.5,0.0,14.0,,0.0,0.0,0.8,0.0,365,130,550,234,150.7,180.0,99.1,70.1,0.9,29.9,99.8,100.0,0.2,0.0,3.7,1.5,13.2,0.0,672.0,73.0,372.0,830.0,1044.0,903.0,64.4,8.1,35.6,91.9,402.0,73.0,597.0,830.0,,,,,,,38.5,8.1,57.2,91.9,0.0,0.0,0.0,0.0,4.3,0.0,100.0,100.0,0.0,0.0,0.0,0.0,87.9,100.0,,,,,,,737,954,,,737,954,,,0.0,0.0,0.0,0.0,41.4,51.4,19006,13134,63563,61141,122.0,14.0,2643.0,,13441,17031,22.7,0.0,115.7,148.4,14090,17507,13653,16960,13808,16107,,,,,,,13197,15510,113.6,135.2,12984,13942,1.8,8.9,12996,15260,111.8,133.0,31.1,0.0,94.0,22.0,91.9,86.3,84.8,68.7,0.0,0.0,0.0,0.0,0.0,0.0,0.0,0.0,0.0,0.0,7.3,5.4,75.6,81.3,17.1,13.3,63.8,,17.8,,20.4,19.3,21.4,,4734.0,,507026.0,750704.0,0.9,0.0,,,2.0,,0.0,,,,,,2670.0,,0.5,0.0,723.0,,0.1,0.0,2.0,,3.4,,4.5,0.0,0.2,0.0,0.3,0.0,8.9,8.8,3.6,2.9,77.0,51.0,7.1,0.0,3.6,0.0,3.6,0.0,0.0,0.0,0.0,0.0,1.8,0.0,0.0,0.0,83.9,100.0,,,,,,,,,,,,,,,,,,,,,,,,,,,,,,,,,,,,,,,,,,,,,,,,,,,,,,,,,,,,,,,,,,,,,,,,,,,,,,,,,,,,,,,,,,,,,,,,,,,,,,,,,,,,,,,,,,,,,,,,,,,,,,,,,,,,,,,,,,,,,,,,,,,,,,,,,,,,,,,,,,,,,,,,,,,,,,,,,,,,,,,,,,,,,,,,,,,,,,,,,,,,,,,,,,,,,,,,,,,,,,,,,,,,,,,,,,,,,,,,,,,,,,,,,,,,,,,,,,,,,,,,,,,,,,,,,,,,,,,,,,,,,,,,,,,,,,,,,,,,,,,,,,,,,,,,,,,,,,,,,,,
